date,home_team,away_team,home_score,away_score,tournament,neutral
2010-01-04,Senegal,Mexico,0,0,Qualifier,False
2010-01-07,South Korea,England,2,0,UEFA Euro,False
2010-01-10,Senegal,England,3,0,UEFA Euro,False
2010-01-26,Morocco,Switzerland,0,3,Friendly,False
2010-02-02,France,Japan,1,1,UEFA Euro,True
2010-02-07,Belgium,England,0,2,FIFA World Cup,True
2010-02-16,Uruguay,Mexico,3,0,Qualifier,True
2010-02-19,Morocco,Spain,2,0,Qualifier,False
2010-02-25,Denmark,Senegal,1,1,Friendly,False
2010-02-28,Switzerland,Japan,1,0,UEFA Euro,True
2010-02-28,Denmark,France,1,2,Friendly,True
2010-03-01,Switzerland,Croatia,2,0,Friendly,True
2010-03-07,South Korea,Portugal,1,1,UEFA Euro,False
2010-03-08,Spain,Argentina,0,2,Friendly,False
2010-03-18,France,Denmark,1,1,Friendly,False
2010-03-19,Switzerland,Croatia,1,1,Friendly,False
2010-03-21,Spain,USA,1,0,Qualifier,False
2010-03-22,Portugal,Switzerland,2,2,Qualifier,True
2010-03-23,Switzerland,Belgium,0,0,FIFA World Cup,True
2010-03-27,Germany,Denmark,1,1,Friendly,False
2010-03-30,Senegal,Netherlands,0,1,Friendly,False
2010-04-02,Croatia,USA,1,0,Friendly,False
2010-04-02,Switzerland,Belgium,0,1,Qualifier,False
2010-04-03,Belgium,USA,3,0,Copa America,True
2010-04-03,Senegal,Japan,1,1,UEFA Euro,False
2010-04-05,England,Portugal,4,0,Friendly,False
2010-04-08,England,Germany,1,1,Qualifier,False
2010-04-11,Senegal,South Korea,2,1,FIFA World Cup,True
2010-04-11,Belgium,Mexico,0,1,Friendly,False
2010-04-12,Germany,Belgium,1,1,FIFA World Cup,True
2010-04-13,Switzerland,Denmark,0,0,UEFA Euro,True
2010-04-14,Uruguay,Belgium,0,2,Friendly,True
2010-04-17,USA,Switzerland,1,2,Copa America,False
2010-04-20,Croatia,Belgium,1,1,UEFA Euro,False
2010-04-22,Brazil,Belgium,1,0,UEFA Euro,False
2010-04-22,Brazil,Spain,0,0,Friendly,False
2010-04-24,South Korea,Brazil,3,0,FIFA World Cup,True
2010-04-24,Portugal,Switzerland,1,2,Friendly,False
2010-04-29,Netherlands,Belgium,1,1,Copa America,False
2010-05-01,Spain,Mexico,2,3,Friendly,False
2010-05-01,Uruguay,Switzerland,3,0,Friendly,False
2010-05-03,France,Argentina,1,1,Friendly,False
2010-05-13,Morocco,Croatia,3,1,Copa America,False
2010-05-20,Senegal,Brazil,0,1,Friendly,True
2010-05-23,Italy,Brazil,1,1,UEFA Euro,False
2010-05-25,France,Japan,1,0,Friendly,True
2010-05-27,South Korea,Denmark,1,2,Copa America,True
2010-05-30,England,Japan,4,0,UEFA Euro,True
2010-05-31,Germany,Switzerland,0,1,Friendly,False
2010-06-02,Croatia,Argentina,2,1,Friendly,False
2010-06-04,Mexico,USA,3,0,Friendly,False
2010-06-08,Mexico,Portugal,0,0,Friendly,False
2010-06-09,Morocco,Belgium,1,0,Friendly,True
2010-06-10,Uruguay,Croatia,1,1,FIFA World Cup,True
2010-06-11,Senegal,Croatia,1,1,Qualifier,False
2010-06-18,Brazil,Italy,0,0,Friendly,False
2010-06-24,Brazil,Portugal,0,0,Friendly,False
2010-06-30,England,Denmark,1,1,Friendly,False
2010-06-30,Belgium,France,1,2,Friendly,True
2010-07-04,Germany,Argentina,0,0,UEFA Euro,False
2010-07-05,Switzerland,France,3,2,Friendly,False
2010-07-07,Morocco,Uruguay,0,0,UEFA Euro,False
2010-07-12,Mexico,Netherlands,2,1,Friendly,False
2010-07-18,Denmark,Spain,0,3,Copa America,False
2010-07-21,South Korea,Denmark,0,0,Qualifier,False
2010-07-22,Japan,South Korea,0,1,Friendly,False
2010-07-23,USA,Belgium,2,1,Friendly,False
2010-07-24,Denmark,Uruguay,1,0,Qualifier,False
2010-07-27,Morocco,USA,2,1,Friendly,True
2010-08-03,South Korea,Portugal,0,0,Copa America,False
2010-08-04,Uruguay,Mexico,1,0,Qualifier,True
2010-08-08,Croatia,South Korea,1,0,Qualifier,True
2010-08-08,Argentina,South Korea,0,0,Friendly,False
2010-08-08,Switzerland,Morocco,1,2,UEFA Euro,False
2010-08-09,Spain,Senegal,0,0,Friendly,True
2010-08-09,Germany,England,0,2,Friendly,False
2010-08-14,Germany,Japan,2,1,Friendly,False
2010-08-18,Portugal,Denmark,1,1,Friendly,True
2010-08-21,Senegal,USA,2,1,Friendly,False
2010-08-22,USA,Croatia,1,1,FIFA World Cup,True
2010-08-24,Argentina,Japan,1,0,Friendly,False
2010-08-26,Germany,Belgium,0,2,Friendly,False
2010-08-29,France,Italy,1,1,FIFA World Cup,True
2010-08-31,Japan,England,1,0,Friendly,True
2010-09-01,Argentina,Belgium,2,0,Copa America,False
2010-09-04,Argentina,Germany,1,0,Copa America,False
2010-09-04,Senegal,Spain,3,0,FIFA World Cup,True
2010-09-18,France,Germany,2,0,Friendly,False
2010-09-18,Japan,Senegal,0,0,Qualifier,False
2010-09-19,Netherlands,Croatia,2,1,FIFA World Cup,True
2010-09-19,Portugal,Italy,2,1,Qualifier,False
2010-09-23,Belgium,Portugal,1,2,Qualifier,False
2010-10-10,Uruguay,Germany,2,1,Friendly,False
2010-10-12,Belgium,Uruguay,3,0,Qualifier,False
2010-10-17,Netherlands,USA,1,1,UEFA Euro,False
2010-10-18,Mexico,Italy,1,0,UEFA Euro,False
2010-10-20,Mexico,Uruguay,0,0,Copa America,False
2010-10-23,Japan,Denmark,1,1,Friendly,False
2010-10-24,Italy,Croatia,4,2,Friendly,True
2010-10-29,Portugal,Germany,2,1,UEFA Euro,False
2010-10-29,Uruguay,Senegal,1,0,Friendly,True
2010-11-01,Brazil,Switzerland,1,1,FIFA World Cup,True
2010-11-02,Spain,Belgium,1,2,UEFA Euro,False
2010-11-06,USA,Spain,0,1,FIFA World Cup,True
2010-11-12,Germany,Japan,2,0,UEFA Euro,False
2010-11-14,Brazil,Portugal,0,0,FIFA World Cup,True
2010-11-15,Croatia,England,1,1,Qualifier,False
2010-11-16,Switzerland,Japan,1,1,Friendly,False
2010-11-17,Morocco,Senegal,0,0,FIFA World Cup,True
2010-11-19,Italy,Belgium,1,0,Copa America,False
2010-11-19,England,Denmark,1,1,Friendly,True
2010-11-20,Senegal,England,4,0,Qualifier,False
2010-11-20,Morocco,France,1,1,Qualifier,False
2010-11-21,Belgium,Denmark,0,1,FIFA World Cup,True
2010-11-24,Germany,England,4,0,Qualifier,False
2010-11-29,Uruguay,Switzerland,1,0,Qualifier,False
2010-12-02,South Korea,Japan,0,1,FIFA World Cup,True
2010-12-02,Netherlands,Brazil,1,0,Friendly,False
2010-12-03,Mexico,USA,1,2,FIFA World Cup,True
2010-12-08,Germany,Netherlands,0,3,Friendly,False
2010-12-10,Uruguay,Japan,1,3,Friendly,False
2010-12-15,Spain,Netherlands,3,0,Qualifier,False
2010-12-20,France,Switzerland,3,1,Copa America,True
2010-12-20,Belgium,Spain,1,0,Copa America,False
2010-12-20,South Korea,Portugal,1,1,Friendly,True
2010-12-23,Japan,Brazil,1,0,Friendly,False
2010-12-26,USA,Belgium,0,0,UEFA Euro,False
2010-12-28,Senegal,France,0,2,Qualifier,False
2011-01-01,Switzerland,Spain,2,1,Qualifier,False
2011-01-01,France,Denmark,2,1,Copa America,False
2011-01-05,Argentina,Brazil,2,0,Friendly,False
2011-01-10,South Korea,Croatia,1,1,Friendly,True
2011-01-15,South Korea,Senegal,4,1,Friendly,False
2011-01-16,Spain,Denmark,3,3,Friendly,True
2011-01-18,England,Argentina,2,0,FIFA World Cup,True
2011-01-27,Senegal,Switzerland,1,0,Friendly,False
2011-01-27,South Korea,Mexico,0,0,Friendly,False
2011-01-31,Switzerland,Croatia,1,1,Qualifier,False
2011-02-02,Spain,Brazil,4,1,Friendly,False
2011-02-02,Germany,Mexico,1,0,Friendly,False
2011-02-04,Netherlands,Spain,1,1,Qualifier,False
2011-02-05,Mexico,Denmark,0,1,Friendly,False
2011-02-05,Croatia,Netherlands,1,2,Friendly,False
2011-02-08,Mexico,Germany,1,1,FIFA World Cup,True
2011-02-22,Brazil,USA,2,0,Friendly,True
2011-02-24,England,Switzerland,0,2,UEFA Euro,False
2011-02-26,Argentina,Denmark,1,3,Qualifier,False
2011-03-01,USA,Spain,0,2,Copa America,False
2011-03-01,Switzerland,Netherlands,0,2,Copa America,False
2011-03-02,Brazil,Switzerland,0,1,UEFA Euro,False
2011-03-08,Argentina,Switzerland,0,0,Friendly,False
2011-03-09,Switzerland,Japan,0,2,Friendly,False
2011-03-11,Italy,Belgium,0,4,Copa America,False
2011-03-18,Morocco,Denmark,2,1,Friendly,False
2011-03-19,USA,Netherlands,0,0,Friendly,False
2011-03-22,South Korea,Uruguay,1,2,Friendly,False
2011-03-23,Netherlands,Portugal,1,1,Copa America,False
2011-03-23,Japan,France,0,0,Friendly,False
2011-03-25,Senegal,Croatia,1,2,UEFA Euro,False
2011-03-26,Morocco,Uruguay,2,0,Copa America,True
2011-03-26,South Korea,Netherlands,0,1,Friendly,True
2011-03-27,USA,Argentina,0,1,Friendly,False
2011-04-03,Argentina,France,1,0,Qualifier,False
2011-04-03,Mexico,Belgium,1,0,UEFA Euro,False
2011-04-04,South Korea,Senegal,1,0,Friendly,False
2011-04-05,Belgium,France,0,1,UEFA Euro,False
2011-04-06,Japan,Argentina,0,1,Qualifier,True
2011-04-07,Uruguay,France,1,0,Copa America,False
2011-04-10,Germany,France,2,0,Friendly,False
2011-04-10,Argentina,South Korea,1,2,Friendly,False
2011-04-10,Uruguay,Portugal,1,0,Friendly,False
2011-04-14,Netherlands,Morocco,0,3,Qualifier,False
2011-04-17,Morocco,Spain,1,1,Friendly,False
2011-04-17,Portugal,Senegal,1,1,Qualifier,False
2011-04-17,Switzerland,Brazil,1,0,Copa America,False
2011-04-19,Denmark,Switzerland,0,0,Friendly,False
2011-04-20,Japan,Croatia,1,0,UEFA Euro,False
2011-04-22,Switzerland,USA,0,0,Friendly,False
2011-04-22,Mexico,Morocco,3,2,FIFA World Cup,True
2011-04-28,Croatia,England,1,1,Qualifier,False
2011-04-28,England,France,2,0,Copa America,False
2011-05-09,Croatia,Morocco,2,1,Friendly,False
2011-05-10,Spain,Uruguay,2,0,Friendly,False
2011-05-11,South Korea,Japan,1,1,Qualifier,False
2011-05-11,England,Spain,0,1,Copa America,False
2011-05-11,Netherlands,Uruguay,1,3,UEFA Euro,False
2011-05-13,Japan,Mexico,0,1,Friendly,False
2011-05-17,Portugal,Croatia,1,0,Friendly,False
2011-05-19,Mexico,England,2,0,Friendly,False
2011-05-20,Senegal,USA,2,1,Friendly,False
2011-05-21,Brazil,USA,1,0,Friendly,False
2011-05-24,Morocco,Netherlands,2,1,Copa America,False
2011-05-25,Denmark,USA,1,1,Friendly,False
2011-05-25,Spain,England,1,1,FIFA World Cup,True
2011-05-29,Belgium,Brazil,1,1,FIFA World Cup,True
2011-05-30,Uruguay,England,2,0,Friendly,False
2011-06-01,Spain,Croatia,0,1,Friendly,False
2011-06-04,England,USA,0,0,UEFA Euro,False
2011-06-07,Netherlands,South Korea,0,2,Friendly,False
2011-06-11,Mexico,Spain,0,1,Friendly,True
2011-06-15,England,Mexico,1,1,Friendly,False
2011-06-16,England,Croatia,1,0,Qualifier,False
2011-06-19,Belgium,Spain,3,1,Friendly,False
2011-06-22,France,Japan,0,0,FIFA World Cup,True
2011-06-24,USA,Argentina,1,1,Friendly,False
2011-06-26,France,South Korea,1,1,Friendly,False
2011-07-06,Senegal,Netherlands,2,2,FIFA World Cup,True
2011-07-09,USA,South Korea,1,0,Friendly,False
2011-07-11,Belgium,Argentina,1,0,Friendly,False
2011-07-11,France,Switzerland,1,0,Qualifier,True
2011-07-11,Portugal,France,1,1,FIFA World Cup,True
2011-07-12,Uruguay,Argentina,1,0,UEFA Euro,True
2011-07-13,Uruguay,South Korea,0,0,FIFA World Cup,True
2011-07-15,Belgium,Italy,2,1,Copa America,True
2011-07-18,England,Germany,0,2,Friendly,False
2011-07-21,Denmark,Mexico,1,0,Friendly,False
2011-07-27,Spain,Argentina,2,0,FIFA World Cup,True
2011-07-31,Denmark,Japan,0,0,Friendly,False
2011-08-01,Brazil,Germany,2,1,Friendly,False
2011-08-04,Japan,Morocco,0,0,FIFA World Cup,True
2011-08-07,Portugal,Belgium,0,1,UEFA Euro,False
2011-08-08,South Korea,Netherlands,1,0,UEFA Euro,True
2011-08-09,Netherlands,Mexico,3,0,Qualifier,True
2011-08-10,Mexico,Germany,1,0,Friendly,False
2011-08-11,Spain,Mexico,1,0,Qualifier,True
2011-08-11,Netherlands,Morocco,3,1,Qualifier,False
2011-08-12,Japan,Uruguay,2,2,Friendly,False
2011-08-17,Mexico,Italy,2,0,Qualifier,False
2011-08-17,England,Netherlands,2,1,UEFA Euro,False
2011-08-19,Argentina,USA,1,1,Friendly,False
2011-08-19,South Korea,Denmark,1,0,Friendly,False
2011-08-25,Japan,Spain,3,2,Friendly,False
2011-08-28,Belgium,Portugal,2,1,UEFA Euro,False
2011-08-29,France,USA,1,2,Friendly,False
2011-08-30,Morocco,Mexico,1,0,Friendly,False
2011-09-03,England,Brazil,1,2,FIFA World Cup,True
2011-09-07,South Korea,Switzerland,0,1,Friendly,False
2011-09-10,South Korea,Switzerland,0,0,Friendly,False
2011-09-11,Portugal,England,0,0,Friendly,False
2011-09-14,Croatia,Portugal,1,1,UEFA Euro,False
2011-09-19,Japan,Denmark,2,0,FIFA World Cup,True
2011-09-22,Belgium,Netherlands,1,1,FIFA World Cup,True
2011-09-23,Netherlands,Spain,0,0,Friendly,True
2011-09-24,France,USA,1,1,Copa America,False
2011-09-27,Denmark,South Korea,1,0,Friendly,False
2011-09-28,Croatia,England,1,2,UEFA Euro,True
2011-09-28,Senegal,France,1,1,Friendly,True
2011-10-01,Uruguay,Brazil,0,0,Qualifier,False
2011-10-06,USA,France,2,0,Qualifier,False
2011-10-08,Morocco,Croatia,1,0,FIFA World Cup,True
2011-10-09,Mexico,Senegal,1,0,Friendly,False
2011-10-10,Belgium,Brazil,2,0,Friendly,False
2011-10-10,Netherlands,Japan,0,1,Friendly,False
2011-10-11,Argentina,Portugal,1,1,Friendly,False
2011-10-17,South Korea,France,1,2,UEFA Euro,False
2011-10-25,Senegal,Switzerland,2,0,Qualifier,True
2011-10-26,Germany,Belgium,0,0,Friendly,False
2011-10-26,USA,Brazil,1,4,Friendly,False
2011-10-29,Italy,USA,3,1,FIFA World Cup,True
2011-11-07,Spain,Brazil,4,3,FIFA World Cup,True
2011-11-08,Croatia,Italy,1,1,Copa America,False
2011-11-08,Croatia,Germany,0,1,Copa America,False
2011-11-11,Denmark,Croatia,0,2,Copa America,False
2011-11-12,Argentina,Croatia,1,0,UEFA Euro,False
2011-11-18,Belgium,Netherlands,0,1,Qualifier,False
2011-11-25,Denmark,Switzerland,3,0,Copa America,False
2011-12-02,Japan,Portugal,2,2,Copa America,False
2011-12-03,Portugal,Morocco,2,2,Friendly,True
2011-12-03,Spain,Morocco,1,1,FIFA World Cup,True
2011-12-04,Italy,Croatia,1,1,Friendly,False
2011-12-05,South Korea,France,1,3,Friendly,False
2011-12-05,Belgium,France,0,1,Friendly,True
2011-12-07,Spain,Switzerland,1,0,Friendly,False
2011-12-07,Switzerland,USA,0,1,Friendly,False
2011-12-07,Japan,Morocco,3,0,Qualifier,False
2011-12-09,Uruguay,Spain,1,2,Qualifier,False
2011-12-11,Argentina,Belgium,2,0,Copa America,False
2011-12-13,Netherlands,Spain,1,2,Friendly,False
2011-12-16,Denmark,South Korea,1,0,Copa America,True
2011-12-18,Croatia,Morocco,2,1,Friendly,False
2011-12-28,Croatia,Morocco,1,0,Friendly,False
2011-12-28,Portugal,USA,1,0,Qualifier,False
2011-12-31,Belgium,South Korea,1,0,UEFA Euro,True
2012-01-02,South Korea,Belgium,0,0,Friendly,False
2012-01-03,England,France,4,2,FIFA World Cup,True
2012-01-04,Spain,Netherlands,1,1,FIFA World Cup,True
2012-01-08,Mexico,Germany,1,2,Qualifier,False
2012-01-09,Germany,Switzerland,1,0,Friendly,False
2012-01-13,Germany,Mexico,0,0,FIFA World Cup,True
2012-01-13,Switzerland,Argentina,1,0,FIFA World Cup,True
2012-01-13,Japan,Switzerland,2,1,UEFA Euro,True
2012-01-13,Belgium,Spain,1,1,Friendly,False
2012-01-16,Japan,Brazil,0,1,Copa America,False
2012-01-18,Italy,Croatia,0,1,Qualifier,False
2012-01-26,Denmark,Spain,0,1,Copa America,False
2012-01-30,Senegal,Switzerland,0,2,Friendly,False
2012-01-31,Morocco,Denmark,4,0,Friendly,False
2012-01-31,England,France,0,2,Friendly,False
2012-02-01,Germany,Uruguay,1,1,Friendly,False
2012-02-09,Senegal,Spain,1,1,Friendly,False
2012-02-09,Morocco,England,0,0,UEFA Euro,True
2012-02-11,Senegal,England,2,2,UEFA Euro,False
2012-02-12,Morocco,Senegal,2,2,Friendly,False
2012-02-15,Croatia,Senegal,1,1,Qualifier,False
2012-02-16,Senegal,Croatia,1,0,FIFA World Cup,True
2012-02-18,Portugal,Germany,0,1,Friendly,True
2012-02-22,Croatia,Japan,0,0,Friendly,False
2012-02-27,Germany,France,2,2,Friendly,True
2012-03-04,Switzerland,Spain,2,1,Friendly,False
2012-03-05,Japan,Netherlands,3,0,Friendly,False
2012-03-05,Uruguay,England,0,0,Friendly,True
2012-03-12,France,England,0,3,Friendly,False
2012-03-15,Japan,Mexico,2,2,Friendly,False
2012-03-17,Spain,Portugal,1,0,Qualifier,False
2012-03-24,France,England,1,2,Qualifier,False
2012-03-24,Portugal,Uruguay,3,1,Qualifier,True
2012-03-27,England,Croatia,1,0,FIFA World Cup,True
2012-03-27,Spain,Germany,3,1,Qualifier,False
2012-03-29,Switzerland,USA,1,0,Friendly,False
2012-03-29,Belgium,Argentina,2,0,Friendly,False
2012-04-05,Spain,Japan,0,0,FIFA World Cup,True
2012-04-11,France,Morocco,3,0,Friendly,False
2012-04-11,Germany,Switzerland,1,0,Friendly,False
2012-04-18,England,Uruguay,0,0,Friendly,False
2012-04-19,Italy,Denmark,1,0,Friendly,False
2012-04-24,Croatia,USA,0,1,Friendly,False
2012-04-25,Italy,USA,1,0,Qualifier,False
2012-04-26,England,Croatia,0,0,UEFA Euro,False
2012-04-29,Portugal,Croatia,1,2,FIFA World Cup,True
2012-05-03,Argentina,Uruguay,3,0,Copa America,True
2012-05-06,USA,Japan,1,0,UEFA Euro,False
2012-05-13,Portugal,Germany,1,4,Qualifier,False
2012-05-17,Netherlands,Belgium,0,0,Friendly,False
2012-05-19,Argentina,Denmark,1,1,Friendly,False
2012-05-21,Mexico,Brazil,1,2,Friendly,False
2012-05-23,Spain,Germany,1,1,Friendly,False
2012-05-25,Croatia,England,0,2,Friendly,False
2012-05-26,USA,Morocco,0,0,Friendly,False
2012-05-28,Senegal,Japan,1,2,Friendly,False
2012-05-30,Denmark,Uruguay,0,1,FIFA World Cup,True
2012-06-01,Argentina,Portugal,1,1,Friendly,True
2012-06-01,Germany,Spain,2,0,UEFA Euro,False
2012-06-04,Senegal,France,0,0,Friendly,True
2012-06-07,England,Germany,2,2,FIFA World Cup,True
2012-06-07,Belgium,Italy,1,0,FIFA World Cup,True
2012-06-07,Croatia,Italy,0,1,Friendly,True
2012-06-08,Argentina,England,0,2,Friendly,False
2012-06-11,Japan,Netherlands,1,3,Copa America,False
2012-06-12,France,South Korea,1,1,Friendly,True
2012-06-12,Uruguay,Croatia,3,0,Copa America,False
2012-06-18,Japan,Portugal,3,0,Copa America,True
2012-06-18,Italy,Portugal,0,1,UEFA Euro,False
2012-06-20,USA,Denmark,0,2,Friendly,True
2012-06-23,Switzerland,Argentina,3,0,Friendly,False
2012-06-26,Mexico,Brazil,0,1,Qualifier,False
2012-06-26,Italy,Denmark,2,0,Friendly,False
2012-06-28,Italy,Uruguay,1,0,Copa America,False
2012-07-04,South Korea,Croatia,2,2,Copa America,False
2012-07-08,Italy,Netherlands,0,2,Friendly,False
2012-07-15,Mexico,Denmark,0,3,Friendly,False
2012-07-19,Uruguay,Netherlands,1,0,FIFA World Cup,True
2012-07-20,Portugal,Belgium,1,0,FIFA World Cup,True
2012-07-23,Senegal,England,0,0,Friendly,False
2012-07-24,England,Spain,1,1,Qualifier,False
2012-07-24,Denmark,Morocco,0,0,FIFA World Cup,True
2012-07-25,Portugal,Japan,1,1,Copa America,False
2012-07-26,Senegal,England,3,1,Copa America,False
2012-07-27,Japan,USA,0,0,Friendly,False
2012-07-30,USA,Uruguay,0,3,Friendly,False
2012-07-31,France,USA,0,1,Friendly,False
2012-08-02,South Korea,England,1,2,UEFA Euro,False
2012-08-04,Argentina,Italy,2,0,UEFA Euro,True
2012-08-05,England,USA,1,1,Copa America,False
2012-08-05,USA,Uruguay,2,2,UEFA Euro,True
2012-08-06,Denmark,Japan,4,2,Friendly,False
2012-08-07,Croatia,Belgium,0,1,Qualifier,False
2012-08-08,France,Switzerland,0,1,FIFA World Cup,True
2012-08-09,Japan,Belgium,1,1,Friendly,False
2012-08-10,Netherlands,South Korea,2,1,Friendly,True
2012-08-15,Senegal,Uruguay,2,0,Qualifier,False
2012-08-26,Spain,Senegal,0,2,Qualifier,False
2012-09-01,France,Morocco,2,0,Friendly,True
2012-09-05,Netherlands,Senegal,1,0,Qualifier,False
2012-09-07,Uruguay,Brazil,0,1,FIFA World Cup,True
2012-09-09,Italy,Switzerland,1,1,Friendly,False
2012-09-11,Denmark,England,0,1,Friendly,False
2012-09-12,Germany,Belgium,3,0,Friendly,True
2012-09-12,USA,Spain,1,2,Friendly,False
2012-09-14,France,South Korea,1,0,Friendly,True
2012-09-14,Italy,Belgium,0,0,Friendly,False
2012-09-14,Morocco,Spain,1,1,Friendly,False
2012-09-14,Uruguay,Italy,1,0,Friendly,True
2012-09-16,Uruguay,Mexico,4,1,FIFA World Cup,True
2012-09-18,Portugal,Spain,6,0,UEFA Euro,False
2012-09-19,Belgium,Argentina,1,0,UEFA Euro,False
2012-09-19,Japan,Belgium,0,0,Friendly,True
2012-09-25,Japan,France,1,1,UEFA Euro,False
2012-09-29,England,Croatia,0,1,Qualifier,False
2012-10-01,Japan,Spain,0,1,Copa America,False
2012-10-04,Spain,England,3,2,FIFA World Cup,True
2012-10-06,Senegal,Morocco,0,3,UEFA Euro,False
2012-10-12,Japan,Senegal,0,0,Friendly,False
2012-10-13,Spain,Denmark,1,0,Friendly,False
2012-10-16,Spain,Argentina,0,0,Qualifier,False
2012-10-18,Mexico,France,1,2,Friendly,False
2012-10-23,Spain,Croatia,1,0,UEFA Euro,False
2012-10-23,USA,Denmark,0,1,Qualifier,False
2012-10-26,Brazil,Croatia,1,0,Qualifier,False
2012-10-26,Mexico,Switzerland,1,0,Friendly,True
2012-10-27,South Korea,Morocco,2,2,FIFA World Cup,True
2012-10-29,Italy,USA,2,2,Friendly,False
2012-10-30,Switzerland,Morocco,0,0,Friendly,False
2012-10-30,Japan,Belgium,1,0,UEFA Euro,False
2012-11-01,Senegal,USA,2,3,FIFA World Cup,True
2012-11-08,Portugal,Belgium,3,0,Friendly,True
2012-11-08,Denmark,Argentina,1,2,UEFA Euro,False
2012-11-15,Netherlands,Portugal,0,1,Copa America,False
2012-11-18,USA,Denmark,0,1,Friendly,False
2012-11-26,France,Belgium,0,0,UEFA Euro,False
2012-11-29,South Korea,Brazil,0,1,FIFA World Cup,True
2012-12-05,Portugal,Italy,0,1,Qualifier,False
2012-12-06,Belgium,Argentina,1,0,Friendly,False
2012-12-06,Croatia,Italy,1,1,Copa America,False
2012-12-09,Portugal,Belgium,1,2,FIFA World Cup,True
2012-12-10,South Korea,Japan,0,2,FIFA World Cup,True
2012-12-12,USA,Netherlands,2,1,Friendly,False
2012-12-14,Mexico,Switzerland,0,2,Friendly,False
2012-12-15,Portugal,Germany,1,2,Friendly,True
2012-12-15,Germany,Mexico,4,1,UEFA Euro,False
2012-12-17,Italy,South Korea,0,2,Friendly,False
2012-12-23,Switzerland,Italy,1,0,Friendly,True
2012-12-25,Morocco,South Korea,1,1,FIFA World Cup,True
2012-12-26,Mexico,Portugal,3,2,Friendly,False
2013-01-03,Senegal,South Korea,2,2,Copa America,True
2013-01-05,Denmark,Mexico,1,0,Qualifier,False
2013-01-07,France,Mexico,1,1,Qualifier,False
2013-01-08,Mexico,Spain,1,2,Friendly,False
2013-01-09,England,France,2,0,FIFA World Cup,True
2013-01-10,Croatia,Germany,1,2,FIFA World Cup,True
2013-01-11,USA,Brazil,0,1,Friendly,False
2013-01-12,USA,Denmark,2,1,Friendly,False
2013-01-14,England,Belgium,1,0,Qualifier,True
2013-01-14,Italy,Spain,0,2,Friendly,False
2013-01-22,England,Switzerland,0,1,Friendly,False
2013-01-24,Uruguay,Spain,2,1,Friendly,False
2013-01-29,Uruguay,Brazil,2,3,Friendly,False
2013-01-29,Italy,Japan,0,1,Qualifier,True
2013-01-30,Argentina,Portugal,2,1,FIFA World Cup,True
2013-01-31,Denmark,USA,1,1,FIFA World Cup,True
2013-02-01,Belgium,USA,2,0,UEFA Euro,False
2013-02-02,Argentina,Japan,0,0,Copa America,False
2013-02-03,England,Croatia,4,0,UEFA Euro,False
2013-02-06,Italy,England,2,1,FIFA World Cup,True
2013-02-07,Italy,Morocco,2,1,Qualifier,False
2013-02-08,Japan,Morocco,2,0,Friendly,False
2013-02-11,Croatia,USA,3,2,Friendly,True
2013-02-13,Spain,Morocco,3,1,FIFA World Cup,True
2013-02-15,Argentina,Uruguay,2,1,Friendly,True
2013-02-19,Japan,Brazil,3,0,Friendly,True
2013-02-19,Spain,South Korea,1,0,FIFA World Cup,True
2013-02-26,Spain,Switzerland,0,1,UEFA Euro,False
2013-02-26,Denmark,France,1,1,FIFA World Cup,True
2013-03-01,Argentina,France,0,0,Friendly,False
2013-03-03,Senegal,Japan,1,1,Friendly,False
2013-03-12,Japan,Brazil,1,0,Friendly,True
2013-03-13,Denmark,USA,1,1,Friendly,False
2013-03-14,Morocco,Denmark,1,1,FIFA World Cup,True
2013-03-15,Germany,Denmark,4,2,Friendly,False
2013-03-15,Morocco,France,1,0,UEFA Euro,True
2013-03-18,Uruguay,France,1,1,FIFA World Cup,True
2013-03-23,Belgium,Mexico,2,2,Copa America,False
2013-03-25,Italy,USA,1,0,UEFA Euro,False
2013-03-26,Portugal,USA,4,3,Qualifier,False
2013-03-26,Japan,Netherlands,1,1,Friendly,False
2013-03-26,Spain,Belgium,1,1,Copa America,True
2013-03-27,South Korea,Uruguay,0,1,FIFA World Cup,True
2013-04-01,Belgium,South Korea,0,0,Copa America,False
2013-04-01,South Korea,Spain,0,0,UEFA Euro,False
2013-04-10,USA,Denmark,2,1,Friendly,True
2013-04-11,Croatia,Portugal,0,1,Copa America,False
2013-04-13,Germany,England,1,1,UEFA Euro,False
2013-04-19,Netherlands,USA,2,2,Friendly,True
2013-04-20,Germany,Brazil,5,1,Friendly,False
2013-04-23,Denmark,France,1,1,FIFA World Cup,True
2013-04-23,Switzerland,France,0,1,FIFA World Cup,True
2013-04-24,USA,Croatia,0,0,Copa America,False
2013-04-25,Brazil,Senegal,1,2,Friendly,True
2013-04-29,Croatia,Switzerland,0,2,FIFA World Cup,True
2013-04-30,Morocco,Germany,0,3,Friendly,False
2013-05-04,Senegal,France,1,2,Friendly,False
2013-05-13,Netherlands,Japan,0,2,FIFA World Cup,True
2013-05-13,Senegal,Italy,0,0,Friendly,False
2013-05-15,Croatia,Japan,0,1,Qualifier,False
2013-05-17,Switzerland,Mexico,1,0,Qualifier,True
2013-05-23,Mexico,Italy,2,0,Friendly,False
2013-05-25,Denmark,Spain,1,0,Friendly,False
2013-05-25,Brazil,Belgium,0,0,FIFA World Cup,True
2013-05-27,Spain,England,1,0,Qualifier,True
2013-05-28,Croatia,England,2,1,UEFA Euro,False
2013-05-31,Germany,Croatia,2,2,Friendly,True
2013-06-04,Denmark,Italy,1,1,Qualifier,False
2013-06-05,Spain,Belgium,1,2,FIFA World Cup,True
2013-06-07,France,Uruguay,1,0,FIFA World Cup,True
2013-06-08,Germany,Brazil,1,1,Friendly,False
2013-06-10,England,Morocco,0,1,Copa America,True
2013-06-13,Mexico,Japan,1,0,Friendly,False
2013-06-20,Portugal,England,3,1,UEFA Euro,False
2013-06-22,Uruguay,Senegal,1,3,Qualifier,True
2013-06-25,Japan,France,0,2,Friendly,False
2013-06-30,Switzerland,Uruguay,1,2,UEFA Euro,True
2013-07-04,USA,Spain,1,2,FIFA World Cup,True
2013-07-07,Uruguay,Japan,1,1,Qualifier,False
2013-07-08,Morocco,Denmark,3,3,Friendly,True
2013-07-09,USA,Germany,3,0,Friendly,False
2013-07-13,Switzerland,Netherlands,3,0,FIFA World Cup,True
2013-07-13,Spain,Denmark,1,0,Copa America,False
2013-07-19,Morocco,Brazil,2,0,Friendly,True
2013-07-22,Denmark,USA,0,2,UEFA Euro,True
2013-07-22,Argentina,Germany,0,2,Friendly,False
2013-07-22,Italy,Germany,0,0,Friendly,False
2013-07-24,USA,Spain,1,2,UEFA Euro,False
2013-07-26,Mexico,Switzerland,0,1,UEFA Euro,True
2013-07-26,Switzerland,Portugal,2,1,Friendly,False
2013-07-29,Uruguay,France,0,1,Friendly,False
2013-08-01,Germany,Morocco,0,0,FIFA World Cup,True
2013-08-06,USA,Portugal,0,0,Friendly,False
2013-08-08,England,France,2,1,Friendly,False
2013-08-09,Denmark,Belgium,1,0,Friendly,False
2013-08-10,Italy,South Korea,2,0,Friendly,False
2013-08-14,South Korea,Brazil,0,0,UEFA Euro,False
2013-08-18,Mexico,Belgium,0,2,Friendly,False
2013-08-23,France,Denmark,0,0,UEFA Euro,False
2013-08-24,Brazil,South Korea,2,2,Friendly,False
2013-08-27,France,South Korea,0,0,Friendly,False
2013-08-29,South Korea,Senegal,1,0,Friendly,False
2013-09-03,USA,Uruguay,0,0,Qualifier,False
2013-09-06,France,Japan,1,0,Friendly,False
2013-09-07,Brazil,Morocco,0,1,Friendly,False
2013-09-14,Senegal,Uruguay,0,0,FIFA World Cup,True
2013-09-15,Uruguay,Japan,3,1,Friendly,False
2013-09-15,Argentina,USA,2,1,UEFA Euro,False
2013-09-16,Portugal,South Korea,1,0,Qualifier,False
2013-09-20,Switzerland,Portugal,1,1,FIFA World Cup,True
2013-09-21,Argentina,Spain,1,0,Friendly,False
2013-09-22,Switzerland,France,0,3,Friendly,False
2013-09-28,Netherlands,Switzerland,0,1,Qualifier,False
2013-09-29,Switzerland,Croatia,1,2,Friendly,False
2013-09-29,Netherlands,Senegal,1,1,UEFA Euro,False
2013-09-30,Netherlands,Japan,0,0,Qualifier,False
2013-10-03,Netherlands,Italy,1,2,FIFA World Cup,True
2013-10-10,USA,Uruguay,0,1,FIFA World Cup,True
2013-10-13,Croatia,Japan,2,0,Friendly,False
2013-10-14,Croatia,Belgium,0,1,Friendly,False
2013-10-16,Belgium,England,0,0,FIFA World Cup,True
2013-10-19,Brazil,Morocco,2,0,Friendly,False
2013-10-21,Belgium,Germany,2,4,Friendly,False
2013-10-22,Morocco,Germany,0,1,Friendly,False
2013-10-25,Belgium,Germany,0,1,Qualifier,False
2013-10-26,Belgium,Morocco,0,1,UEFA Euro,False
2013-11-06,Belgium,Switzerland,2,0,Friendly,False
2013-11-10,South Korea,Argentina,0,2,Copa America,False
2013-11-16,Argentina,Netherlands,1,0,Qualifier,False
2013-11-17,England,Portugal,2,0,Friendly,False
2013-11-18,Brazil,France,0,2,Friendly,False
2013-11-18,Japan,Argentina,0,0,Friendly,False
2013-11-18,Denmark,Belgium,0,1,Friendly,False
2013-11-21,Netherlands,France,1,0,Friendly,False
2013-11-22,USA,South Korea,0,1,Friendly,False
2013-11-23,Morocco,Mexico,3,0,FIFA World Cup,True
2013-12-07,Netherlands,South Korea,1,0,Qualifier,False
2013-12-12,Morocco,Germany,3,1,Qualifier,False
2013-12-14,Uruguay,South Korea,1,0,Qualifier,False
2013-12-14,England,Germany,0,0,Friendly,False
2013-12-16,Mexico,Japan,0,0,Friendly,False
2013-12-20,Mexico,Uruguay,3,0,UEFA Euro,True
2013-12-22,Switzerland,Denmark,2,0,Qualifier,False
2013-12-27,Uruguay,France,1,0,Qualifier,False
2013-12-29,Croatia,Uruguay,1,1,UEFA Euro,False
2013-12-29,USA,Brazil,2,2,Friendly,False
2013-12-31,USA,Belgium,0,1,UEFA Euro,True
2014-01-06,France,Spain,1,1,FIFA World Cup,True
2014-01-07,Spain,Portugal,3,0,Friendly,True
2014-01-08,Senegal,USA,0,1,Friendly,False
2014-01-08,Italy,Senegal,2,0,Friendly,False
2014-01-09,South Korea,Argentina,0,0,Friendly,False
2014-01-10,Switzerland,Denmark,0,1,Qualifier,False
2014-01-13,Mexico,Denmark,3,2,UEFA Euro,False
2014-01-16,Mexico,England,0,2,Friendly,False
2014-01-17,South Korea,France,0,1,Friendly,False
2014-01-22,USA,England,0,2,FIFA World Cup,True
2014-01-27,Morocco,France,2,0,Friendly,False
2014-01-30,Belgium,Mexico,3,0,Copa America,True
2014-01-31,Senegal,Portugal,2,2,Friendly,False
2014-02-04,Belgium,Mexico,2,1,Friendly,False
2014-02-04,Argentina,Denmark,0,0,FIFA World Cup,True
2014-02-06,USA,Switzerland,1,0,UEFA Euro,False
2014-02-07,France,Mexico,0,0,Qualifier,False
2014-02-07,France,Morocco,2,1,Qualifier,False
2014-02-07,Uruguay,Belgium,2,2,Copa America,False
2014-02-09,Germany,Netherlands,1,1,Friendly,False
2014-02-14,Denmark,Netherlands,2,1,Qualifier,True
2014-02-16,Brazil,England,0,0,FIFA World Cup,True
2014-02-19,Belgium,Morocco,2,0,Friendly,False
2014-02-22,Portugal,South Korea,1,0,Friendly,False
2014-02-27,Croatia,England,0,1,Friendly,False
2014-03-01,Croatia,USA,2,2,Friendly,False
2014-03-08,USA,Morocco,1,0,UEFA Euro,True
2014-03-10,Netherlands,Morocco,2,0,FIFA World Cup,True
2014-03-10,Denmark,South Korea,2,1,UEFA Euro,False
2014-03-12,Spain,Senegal,0,1,UEFA Euro,False
2014-03-12,Senegal,Switzerland,1,3,Qualifier,False
2014-03-13,South Korea,Brazil,1,0,Friendly,False
2014-03-23,Morocco,France,1,0,Friendly,False
2014-03-26,Senegal,Argentina,2,1,UEFA Euro,False
2014-03-28,Croatia,Germany,1,1,Qualifier,True
2014-03-29,Croatia,Argentina,1,0,Copa America,True
2014-03-30,France,Denmark,0,0,Qualifier,True
2014-04-03,USA,Germany,1,0,UEFA Euro,False
2014-04-05,Morocco,Brazil,2,3,Qualifier,True
2014-04-08,Senegal,South Korea,0,0,Friendly,False
2014-04-09,France,Portugal,2,0,UEFA Euro,False
2014-04-10,Italy,England,1,1,Friendly,True
2014-04-15,Argentina,France,1,1,Friendly,True
2014-04-16,Uruguay,France,1,2,Copa America,False
2014-04-20,USA,Germany,0,3,Friendly,True
2014-04-24,Germany,Denmark,3,0,FIFA World Cup,True
2014-04-27,Italy,Argentina,2,1,Friendly,False
2014-04-29,England,France,1,0,Friendly,False
2014-05-03,Switzerland,Japan,1,0,UEFA Euro,False
2014-05-08,Germany,Argentina,0,0,Friendly,False
2014-05-09,Germany,France,0,1,Friendly,False
2014-05-16,South Korea,Argentina,3,1,UEFA Euro,True
2014-05-16,Belgium,USA,1,1,Copa America,False
2014-05-17,Uruguay,Mexico,1,1,Qualifier,True
2014-05-17,Belgium,Brazil,1,3,Friendly,False
2014-05-20,Uruguay,Brazil,0,1,UEFA Euro,True
2014-05-21,Morocco,Croatia,4,0,Friendly,False
2014-05-24,Denmark,Spain,0,1,Friendly,True
2014-05-25,Mexico,Senegal,1,1,FIFA World Cup,True
2014-05-25,South Korea,Morocco,1,0,Friendly,True
2014-05-25,France,Argentina,1,2,Copa America,True
2014-05-27,Netherlands,Spain,1,0,UEFA Euro,False
2014-05-30,Portugal,South Korea,0,0,Friendly,False
2014-05-31,USA,Denmark,0,2,UEFA Euro,False
2014-06-01,Argentina,Switzerland,2,0,Qualifier,True
2014-06-02,Argentina,South Korea,3,0,FIFA World Cup,True
2014-06-03,England,South Korea,3,1,Friendly,False
2014-06-09,Denmark,Germany,3,0,Friendly,True
2014-06-10,Brazil,Denmark,3,0,Copa America,False
2014-06-11,Argentina,Japan,1,2,Qualifier,False
2014-06-15,Switzerland,Denmark,0,1,Qualifier,False
2014-06-19,Argentina,Netherlands,0,2,Friendly,False
2014-06-23,Belgium,South Korea,5,1,Copa America,False
2014-06-23,Switzerland,USA,3,0,UEFA Euro,False
2014-06-25,Spain,Argentina,0,2,Friendly,False
2014-07-04,France,Netherlands,0,1,Friendly,False
2014-07-05,Senegal,Switzerland,0,1,Friendly,False
2014-07-08,France,Belgium,1,2,FIFA World Cup,True
2014-07-15,Japan,Germany,0,3,Friendly,True
2014-07-15,Denmark,Japan,1,1,Friendly,False
2014-07-26,Japan,Spain,1,1,FIFA World Cup,True
2014-07-30,South Korea,Uruguay,0,0,Qualifier,False
2014-07-31,Japan,Argentina,1,1,Friendly,False
2014-08-01,Italy,Portugal,0,0,Friendly,False
2014-08-03,Germany,USA,3,0,UEFA Euro,True
2014-08-04,USA,Portugal,2,0,Qualifier,False
2014-08-10,Germany,Italy,1,0,Friendly,False
2014-08-12,Germany,Netherlands,2,1,UEFA Euro,True
2014-08-13,Denmark,Germany,0,0,UEFA Euro,False
2014-08-14,Senegal,Switzerland,0,1,FIFA World Cup,True
2014-08-16,England,Netherlands,1,1,FIFA World Cup,True
2014-08-27,Mexico,Spain,1,1,UEFA Euro,True
2014-08-29,Senegal,Uruguay,0,0,FIFA World Cup,True
2014-08-29,Netherlands,Argentina,0,0,Copa America,True
2014-08-31,Switzerland,Mexico,1,2,Qualifier,False
2014-09-04,South Korea,USA,1,3,FIFA World Cup,True
2014-09-05,Switzerland,Croatia,1,3,Friendly,False
2014-09-05,Belgium,Uruguay,1,1,Qualifier,False
2014-09-06,Netherlands,Belgium,2,0,Copa America,False
2014-09-06,Senegal,Morocco,2,1,Qualifier,False
2014-09-08,Germany,USA,3,1,Friendly,False
2014-09-09,Brazil,USA,0,1,Friendly,False
2014-09-09,Spain,Uruguay,0,2,FIFA World Cup,True
2014-09-11,Netherlands,Brazil,0,0,Copa America,False
2014-09-12,USA,France,1,1,Qualifier,False
2014-09-12,Croatia,Senegal,1,0,Friendly,False
2014-09-13,Denmark,Belgium,0,0,Friendly,False
2014-09-20,Croatia,England,1,0,FIFA World Cup,True
2014-09-21,Brazil,Argentina,1,3,Friendly,False
2014-09-21,France,Brazil,2,0,UEFA Euro,False
2014-09-22,England,Argentina,1,5,FIFA World Cup,True
2014-09-24,Belgium,Croatia,4,3,UEFA Euro,False
2014-09-27,Senegal,Italy,1,6,UEFA Euro,False
2014-10-02,France,Argentina,4,0,Friendly,False
2014-10-04,Uruguay,Argentina,0,2,Friendly,True
2014-10-06,Japan,Switzerland,1,3,FIFA World Cup,True
2014-10-08,Argentina,Germany,1,0,Qualifier,True
2014-10-11,Senegal,Italy,0,0,Friendly,False
2014-10-16,Senegal,Spain,1,1,Friendly,False
2014-10-18,England,Portugal,2,1,Qualifier,True
2014-10-19,Netherlands,Italy,3,1,Friendly,False
2014-10-20,Argentina,Switzerland,2,0,Copa America,False
2014-10-23,Spain,Uruguay,1,3,FIFA World Cup,True
2014-10-23,Morocco,Germany,0,0,UEFA Euro,False
2014-10-26,Germany,Netherlands,0,0,UEFA Euro,False
2014-10-27,Denmark,Morocco,1,1,UEFA Euro,False
2014-10-27,Argentina,Italy,0,1,Friendly,False
2014-10-30,Denmark,Germany,0,1,FIFA World Cup,True
2014-11-03,Morocco,Portugal,3,0,UEFA Euro,False
2014-11-06,Morocco,Portugal,1,0,Friendly,False
2014-11-07,USA,Morocco,1,0,UEFA Euro,False
2014-11-09,Switzerland,Japan,0,1,Friendly,False
2014-11-12,Japan,Mexico,2,0,FIFA World Cup,True
2014-11-13,Argentina,Senegal,1,1,Qualifier,False
2014-11-18,France,Senegal,1,1,UEFA Euro,False
2014-11-19,France,Uruguay,1,2,Friendly,False
2014-11-24,South Korea,Croatia,1,2,Friendly,False
2014-11-26,Mexico,Germany,2,1,Copa America,False
2014-11-27,Germany,Senegal,1,1,Friendly,False
2014-11-28,Spain,Switzerland,1,1,Friendly,False
2014-12-01,Uruguay,Belgium,1,1,Friendly,False
2014-12-06,Mexico,Denmark,3,0,Friendly,False
2014-12-16,Japan,South Korea,3,2,Friendly,False
2014-12-19,England,Belgium,1,0,FIFA World Cup,True
2014-12-22,Italy,Spain,0,0,Friendly,False
2014-12-24,England,Mexico,2,1,Friendly,False
2014-12-25,Netherlands,Mexico,3,1,UEFA Euro,False
2014-12-28,France,Morocco,0,1,Friendly,True
2014-12-29,Senegal,Morocco,0,0,Friendly,False
2014-12-30,Denmark,USA,2,1,Qualifier,False
2014-12-31,Netherlands,England,3,0,Friendly,False
2015-01-05,Switzerland,Uruguay,0,0,Friendly,False
2015-01-08,Uruguay,Senegal,0,1,FIFA World Cup,True
2015-01-10,Netherlands,Japan,1,3,UEFA Euro,False
2015-01-15,France,Mexico,1,2,FIFA World Cup,True
2015-01-19,Denmark,Belgium,0,0,Copa America,False
2015-01-23,Germany,Spain,1,0,Friendly,False
2015-01-24,Switzerland,USA,0,1,Qualifier,False
2015-01-25,Germany,Mexico,1,1,Qualifier,False
2015-01-25,Spain,France,0,3,Friendly,False
2015-01-30,Belgium,Italy,1,0,Qualifier,False
2015-02-02,Switzerland,Belgium,1,2,Friendly,False
2015-02-06,Netherlands,Japan,2,0,FIFA World Cup,True
2015-02-18,Portugal,Germany,1,0,Friendly,False
2015-02-19,USA,Switzerland,1,3,Friendly,True
2015-02-20,France,Belgium,0,0,UEFA Euro,False
2015-02-20,Brazil,Japan,4,0,Copa America,False
2015-02-21,South Korea,France,0,1,Qualifier,False
2015-02-23,Belgium,Italy,1,1,Friendly,False
2015-02-23,Brazil,Switzerland,1,0,Qualifier,False
2015-02-26,Belgium,Japan,1,0,FIFA World Cup,True
2015-03-01,Mexico,England,1,0,Friendly,False
2015-03-03,Denmark,Morocco,0,0,Friendly,False
2015-03-06,Portugal,Denmark,1,0,Friendly,False
2015-03-07,Belgium,Argentina,0,1,Friendly,True
2015-03-08,England,Italy,2,0,Friendly,False
2015-03-15,Switzerland,South Korea,3,0,Copa America,False
2015-03-18,Switzerland,Brazil,0,1,Friendly,True
2015-03-22,Argentina,Switzerland,1,2,UEFA Euro,False
2015-03-28,Morocco,Croatia,2,0,Friendly,False
2015-03-30,Croatia,Morocco,0,0,Qualifier,False
2015-04-03,Brazil,Croatia,5,0,UEFA Euro,False
2015-04-04,England,Belgium,3,1,Friendly,False
2015-04-06,Belgium,Argentina,1,2,Friendly,False
2015-04-11,Spain,France,0,1,FIFA World Cup,True
2015-04-16,Netherlands,Senegal,2,0,Copa America,False
2015-04-19,Germany,Denmark,1,0,Qualifier,False
2015-04-19,Morocco,Spain,3,1,FIFA World Cup,True
2015-04-21,Netherlands,Croatia,1,1,Copa America,False
2015-04-21,Morocco,Switzerland,0,1,FIFA World Cup,True
2015-04-22,Morocco,Croatia,0,3,Friendly,False
2015-04-25,Brazil,Argentina,0,1,FIFA World Cup,True
2015-04-27,Netherlands,Italy,0,1,Friendly,False
2015-04-28,USA,Denmark,1,0,Friendly,False
2015-04-29,Spain,Mexico,1,0,FIFA World Cup,True
2015-05-02,Portugal,Denmark,1,0,FIFA World Cup,True
2015-05-03,Germany,Senegal,0,2,FIFA World Cup,True
2015-05-04,Germany,England,0,1,Copa America,False
2015-05-05,Uruguay,Denmark,0,0,Friendly,False
2015-05-06,Mexico,Brazil,1,0,Friendly,False
2015-05-09,Brazil,USA,1,0,Friendly,False
2015-05-12,Netherlands,Belgium,0,0,Qualifier,True
2015-05-15,USA,England,1,0,UEFA Euro,True
2015-05-15,England,Brazil,3,1,Qualifier,False
2015-05-15,Uruguay,Japan,0,0,FIFA World Cup,True
2015-05-16,Netherlands,South Korea,1,0,Copa America,False
2015-05-16,Senegal,Mexico,1,0,Copa America,False
2015-05-16,France,Japan,1,1,FIFA World Cup,True
2015-05-18,Germany,France,1,2,FIFA World Cup,True
2015-05-19,Germany,Argentina,2,0,UEFA Euro,True
2015-05-21,Brazil,Belgium,2,0,Copa America,True
2015-05-26,Denmark,USA,0,1,Friendly,False
2015-05-30,Denmark,Croatia,0,1,Qualifier,True
2015-06-07,Switzerland,Portugal,1,2,UEFA Euro,True
2015-06-15,Italy,Croatia,1,1,Qualifier,False
2015-06-18,USA,Netherlands,3,1,Friendly,True
2015-06-19,Switzerland,Denmark,2,0,Qualifier,False
2015-06-20,Uruguay,Belgium,0,1,Copa America,False
2015-06-22,Mexico,USA,0,1,FIFA World Cup,True
2015-06-27,Netherlands,Denmark,4,2,Friendly,False
2015-07-07,Belgium,England,0,1,UEFA Euro,False
2015-07-11,Denmark,Senegal,1,1,Friendly,False
2015-07-12,France,South Korea,2,0,Friendly,False
2015-07-13,Switzerland,Morocco,1,2,UEFA Euro,False
2015-07-13,Croatia,Argentina,4,0,Friendly,False
2015-07-13,Senegal,Italy,1,1,Friendly,False
2015-07-15,Italy,Morocco,1,1,Friendly,False
2015-07-15,Brazil,Argentina,2,1,Friendly,False
2015-07-15,Mexico,Brazil,1,1,Copa America,False
2015-07-16,Croatia,France,2,2,Friendly,False
2015-07-17,USA,Portugal,0,1,Qualifier,False
2015-07-18,Argentina,Uruguay,2,1,UEFA Euro,True
2015-07-18,Brazil,Mexico,2,1,FIFA World Cup,True
2015-07-18,Portugal,USA,2,1,FIFA World Cup,True
2015-07-22,Germany,Japan,2,0,Qualifier,False
2015-07-22,Denmark,Portugal,1,2,Friendly,True
2015-07-25,South Korea,Netherlands,0,0,FIFA World Cup,True
2015-07-30,Netherlands,Argentina,1,0,Friendly,False
2015-07-30,Belgium,Italy,1,1,UEFA Euro,False
2015-08-01,Portugal,Spain,2,1,Qualifier,False
2015-08-07,Morocco,South Korea,1,1,FIFA World Cup,True
2015-08-11,Japan,France,1,1,Copa America,True
2015-08-11,Belgium,France,0,1,Qualifier,False
2015-08-13,Uruguay,Netherlands,2,1,Copa America,True
2015-08-16,Germany,USA,1,0,UEFA Euro,False
2015-08-16,Senegal,Japan,3,2,Friendly,False
2015-08-16,Argentina,USA,2,2,Friendly,True
2015-08-17,Uruguay,Mexico,2,1,Friendly,True
2015-08-18,Belgium,South Korea,3,0,Friendly,False
2015-08-18,Denmark,France,1,0,UEFA Euro,False
2015-08-19,Morocco,Japan,2,4,UEFA Euro,False
2015-08-21,Belgium,France,1,0,Qualifier,False
2015-08-21,Netherlands,Croatia,0,1,Copa America,False
2015-08-26,Italy,USA,0,1,FIFA World Cup,True
2015-08-27,Germany,USA,0,1,Friendly,False
2015-09-02,Netherlands,Belgium,1,1,Friendly,False
2015-09-05,Portugal,Netherlands,0,1,Friendly,True
2015-09-07,Argentina,Croatia,1,1,Friendly,False
2015-09-07,Uruguay,Portugal,2,1,Copa America,False
2015-09-10,Spain,South Korea,0,0,FIFA World Cup,True
2015-09-10,Mexico,Senegal,1,0,Friendly,False
2015-09-11,Portugal,South Korea,1,0,Friendly,False
2015-09-17,Uruguay,Brazil,1,2,UEFA Euro,True
2015-09-17,Denmark,England,1,1,Friendly,False
2015-09-19,South Korea,France,1,1,Friendly,True
2015-09-23,Morocco,Japan,0,0,Friendly,False
2015-09-26,Argentina,Mexico,0,1,Qualifier,True
2015-10-02,Senegal,Belgium,1,0,UEFA Euro,True
2015-10-10,Uruguay,Netherlands,1,0,FIFA World Cup,True
2015-10-24,Denmark,South Korea,3,0,UEFA Euro,False
2015-10-26,Japan,Switzerland,0,1,Qualifier,False
2015-11-02,Japan,Denmark,0,3,Friendly,False
2015-11-04,Japan,Portugal,0,1,Friendly,False
2015-11-11,Argentina,Uruguay,1,1,Friendly,False
2015-11-14,Argentina,England,2,0,Qualifier,False
2015-11-15,Belgium,Croatia,2,0,Qualifier,False
2015-11-18,England,Portugal,2,1,Friendly,False
2015-11-21,England,Senegal,2,3,Copa America,False
2015-11-27,Netherlands,Uruguay,2,1,Friendly,False
2015-11-29,Switzerland,Uruguay,2,2,UEFA Euro,False
2015-12-01,USA,Morocco,1,2,Friendly,False
2015-12-03,Japan,Spain,1,3,Copa America,False
2015-12-03,Denmark,Belgium,0,1,UEFA Euro,False
2015-12-06,Uruguay,USA,2,0,UEFA Euro,False
2015-12-07,Portugal,Denmark,0,0,FIFA World Cup,True
2015-12-10,Argentina,Uruguay,2,2,Qualifier,False
2015-12-12,Germany,Spain,1,1,Qualifier,False
2015-12-13,Japan,Belgium,0,1,Qualifier,False
2015-12-16,Uruguay,Mexico,2,0,Friendly,False
2015-12-17,Uruguay,Spain,1,1,Qualifier,False
2015-12-17,Denmark,Belgium,1,2,FIFA World Cup,True
2015-12-17,England,Denmark,0,2,Friendly,False
2015-12-20,Portugal,USA,1,2,Friendly,True
2015-12-22,England,Italy,0,0,Qualifier,False
2015-12-23,England,Morocco,0,0,FIFA World Cup,True
2015-12-28,Switzerland,Portugal,2,2,Copa America,False
2015-12-31,Japan,USA,1,1,FIFA World Cup,True
2016-01-04,Denmark,Brazil,0,0,Qualifier,True
2016-01-05,France,Belgium,2,4,Qualifier,False
2016-01-06,Uruguay,Switzerland,1,0,Friendly,False
2016-01-07,Portugal,Switzerland,1,1,Friendly,False
2016-01-08,Brazil,Japan,1,2,UEFA Euro,True
2016-01-14,Portugal,Argentina,1,0,Friendly,False
2016-01-15,Denmark,Mexico,0,0,FIFA World Cup,True
2016-01-15,Argentina,Uruguay,2,4,Friendly,False
2016-01-19,Germany,Portugal,1,0,FIFA World Cup,True
2016-01-19,South Korea,Croatia,3,1,UEFA Euro,True
2016-01-21,Portugal,Mexico,0,2,Friendly,True
2016-01-22,South Korea,Morocco,0,0,FIFA World Cup,True
2016-01-23,Uruguay,Morocco,3,0,Qualifier,False
2016-01-26,USA,Morocco,0,1,Qualifier,False
2016-01-27,Italy,Mexico,2,2,Friendly,False
2016-01-29,Uruguay,Belgium,0,1,Friendly,True
2016-01-30,Uruguay,Denmark,1,1,Friendly,False
2016-02-01,France,Germany,1,1,FIFA World Cup,True
2016-02-03,Germany,Spain,1,1,Friendly,False
2016-02-04,Denmark,Italy,0,0,Friendly,True
2016-02-06,Morocco,Mexico,0,1,Friendly,False
2016-02-10,Morocco,Portugal,0,0,FIFA World Cup,True
2016-02-17,Morocco,England,0,1,Friendly,False
2016-02-19,Denmark,Argentina,0,3,Copa America,False
2016-02-20,Denmark,Senegal,1,0,Friendly,False
2016-02-21,Germany,USA,0,1,Friendly,False
2016-03-08,Uruguay,Senegal,1,0,FIFA World Cup,True
2016-03-08,Morocco,Uruguay,1,0,Qualifier,False
2016-03-08,Senegal,Switzerland,1,0,Copa America,False
2016-03-09,USA,Mexico,1,2,Friendly,False
2016-03-11,Croatia,Denmark,2,1,Qualifier,False
2016-03-11,South Korea,Uruguay,0,1,Friendly,False
2016-03-19,Germany,England,0,0,UEFA Euro,False
2016-03-20,Switzerland,USA,2,0,FIFA World Cup,True
2016-03-25,Spain,England,3,0,Friendly,False
2016-03-29,Spain,Netherlands,1,1,Friendly,True
2016-04-02,Denmark,Netherlands,0,2,Friendly,False
2016-04-09,Switzerland,Japan,1,0,Friendly,False
2016-04-12,Brazil,Denmark,1,1,Friendly,False
2016-04-13,Brazil,USA,2,0,UEFA Euro,False
2016-04-14,Uruguay,England,2,1,FIFA World Cup,True
2016-04-15,Germany,Portugal,1,0,Friendly,False
2016-04-17,USA,Spain,0,1,Friendly,False
2016-04-17,Switzerland,Mexico,1,0,Friendly,False
2016-04-19,England,Netherlands,0,0,Friendly,False
2016-04-20,Belgium,Croatia,2,3,Qualifier,True
2016-04-21,Switzerland,Croatia,3,1,Friendly,False
2016-04-26,Brazil,Belgium,1,1,FIFA World Cup,True
2016-04-27,Argentina,Netherlands,1,2,Friendly,False
2016-04-29,Japan,Croatia,0,1,Copa America,False
2016-04-30,Morocco,Uruguay,0,0,Qualifier,False
2016-05-07,Italy,Belgium,0,1,Qualifier,False
2016-05-10,Mexico,South Korea,1,1,Friendly,True
2016-05-12,Mexico,Croatia,1,0,Friendly,False
2016-05-14,Belgium,Portugal,0,2,UEFA Euro,True
2016-05-23,South Korea,Croatia,1,0,Qualifier,False
2016-05-23,Argentina,Croatia,1,1,Friendly,True
2016-05-25,Brazil,Mexico,2,1,Friendly,False
2016-06-05,Denmark,Portugal,2,0,Qualifier,False
2016-06-08,France,Croatia,2,0,FIFA World Cup,True
2016-06-12,Belgium,France,1,2,UEFA Euro,False
2016-06-14,Morocco,Senegal,2,3,Friendly,False
2016-06-22,Italy,England,1,1,Qualifier,False
2016-06-24,Japan,Denmark,1,1,Copa America,False
2016-06-25,Morocco,USA,3,1,FIFA World Cup,True
2016-06-25,Germany,Denmark,0,3,Friendly,False
2016-06-27,Portugal,Japan,1,0,Friendly,False
2016-06-29,Italy,USA,2,0,Friendly,False
2016-06-29,Germany,Brazil,1,1,UEFA Euro,False
2016-06-30,France,Argentina,2,0,Friendly,False
2016-07-04,USA,Senegal,0,0,Friendly,False
2016-07-05,Switzerland,Morocco,0,2,FIFA World Cup,True
2016-07-09,Switzerland,Spain,1,0,Friendly,True
2016-07-09,France,Croatia,4,0,Friendly,True
2016-07-12,USA,Belgium,1,2,Qualifier,False
2016-07-17,Uruguay,Morocco,0,1,Friendly,False
2016-07-23,Germany,Uruguay,2,0,UEFA Euro,True
2016-07-24,Netherlands,Mexico,1,0,Friendly,False
2016-07-24,South Korea,Denmark,2,0,FIFA World Cup,True
2016-07-30,Denmark,Germany,0,1,Friendly,True
2016-08-04,Switzerland,Spain,1,0,Qualifier,False
2016-08-05,Germany,England,1,4,Qualifier,False
2016-08-07,Argentina,Morocco,0,0,FIFA World Cup,True
2016-08-08,Croatia,England,2,4,Copa America,False
2016-08-10,Croatia,Mexico,1,0,Qualifier,False
2016-08-11,Mexico,Croatia,1,2,Friendly,False
2016-08-12,Japan,Spain,0,0,Copa America,False
2016-08-12,Uruguay,Netherlands,2,0,Qualifier,False
2016-08-20,Senegal,Uruguay,2,0,UEFA Euro,False
2016-08-20,USA,England,2,1,UEFA Euro,False
2016-08-22,Japan,Belgium,3,1,Qualifier,False
2016-08-27,Switzerland,Senegal,1,1,Friendly,False
2016-08-28,Morocco,Japan,1,1,FIFA World Cup,True
2016-08-30,Spain,USA,1,0,UEFA Euro,False
2016-08-30,Brazil,South Korea,1,0,UEFA Euro,True
2016-09-01,Senegal,Belgium,2,0,Friendly,False
2016-09-01,USA,France,0,0,Qualifier,False
2016-09-06,Italy,Netherlands,2,0,Qualifier,False
2016-09-10,Belgium,Uruguay,2,1,UEFA Euro,False
2016-09-12,Brazil,Switzerland,1,1,FIFA World Cup,True
2016-09-15,Mexico,Croatia,0,1,Copa America,False
2016-09-19,England,Italy,1,1,FIFA World Cup,True
2016-09-21,Germany,Belgium,3,1,Friendly,True
2016-09-23,USA,Italy,0,2,UEFA Euro,False
2016-09-24,Denmark,Spain,0,0,Friendly,False
2016-10-02,Belgium,Germany,1,1,Copa America,False
2016-10-02,Croatia,Mexico,1,2,FIFA World Cup,True
2016-10-06,Germany,Switzerland,0,1,Friendly,False
2016-10-10,Senegal,Belgium,1,2,FIFA World Cup,True
2016-10-11,USA,Portugal,1,3,FIFA World Cup,True
2016-10-13,South Korea,Belgium,3,1,Qualifier,False
2016-10-14,France,Argentina,2,0,Friendly,False
2016-10-18,Portugal,Senegal,2,1,Friendly,True
2016-10-19,Spain,England,3,1,UEFA Euro,False
2016-10-20,France,Brazil,4,0,Copa America,False
2016-10-21,Morocco,South Korea,1,1,FIFA World Cup,True
2016-10-21,Brazil,Senegal,1,2,Qualifier,False
2016-10-22,Spain,Brazil,0,0,Friendly,False
2016-10-24,South Korea,Croatia,1,0,FIFA World Cup,True
2016-10-25,South Korea,England,1,1,Friendly,False
2016-10-30,Senegal,Morocco,4,2,Qualifier,False
2016-11-05,Japan,Portugal,0,0,UEFA Euro,False
2016-11-06,Uruguay,USA,0,1,Qualifier,False
2016-11-06,Switzerland,Argentina,0,2,Friendly,False
2016-11-08,Netherlands,Portugal,4,1,Friendly,False
2016-11-11,Mexico,France,0,2,Friendly,False
2016-11-11,Senegal,England,0,1,UEFA Euro,False
2016-11-14,Morocco,England,0,2,Friendly,True
2016-11-16,Mexico,Switzerland,1,0,Friendly,False
2016-11-18,Croatia,Argentina,1,1,UEFA Euro,False
2016-11-22,Argentina,Senegal,1,1,UEFA Euro,False
2016-11-25,Italy,Switzerland,0,0,FIFA World Cup,True
2016-11-28,Italy,Spain,0,1,Friendly,True
2016-11-30,Japan,Spain,0,1,UEFA Euro,False
2016-12-04,South Korea,Portugal,0,2,Friendly,False
2016-12-04,Denmark,Italy,3,0,Qualifier,False
2016-12-05,England,Uruguay,5,0,Friendly,True
2016-12-08,Netherlands,Switzerland,0,1,Friendly,False
2016-12-08,South Korea,Morocco,2,0,Friendly,True
2016-12-15,Croatia,Germany,2,4,Qualifier,False
2016-12-21,Japan,Portugal,2,1,Friendly,False
2016-12-22,Uruguay,Japan,2,2,Friendly,False
2016-12-23,Italy,Switzerland,1,1,Friendly,False
2016-12-24,Mexico,USA,2,0,UEFA Euro,False
2016-12-25,Netherlands,Uruguay,1,2,UEFA Euro,False
2016-12-25,Uruguay,Mexico,0,2,Friendly,False
2016-12-25,Belgium,Morocco,2,2,Qualifier,False
2016-12-26,Senegal,Croatia,0,1,UEFA Euro,True
2016-12-27,USA,Croatia,0,0,FIFA World Cup,True
2016-12-27,Spain,Mexico,1,3,Qualifier,False
2016-12-29,Uruguay,Morocco,1,0,Friendly,True
2016-12-30,Uruguay,Germany,2,0,UEFA Euro,True
2016-12-31,Switzerland,Uruguay,4,0,FIFA World Cup,True
2017-01-01,South Korea,Denmark,1,0,Friendly,False
2017-01-07,Italy,Portugal,1,1,Copa America,False
2017-01-08,Uruguay,Italy,0,0,Friendly,True
2017-01-11,Denmark,Belgium,1,0,Qualifier,True
2017-01-13,South Korea,Japan,3,1,Copa America,False
2017-01-16,Switzerland,Spain,1,1,UEFA Euro,False
2017-01-19,Senegal,Spain,1,1,Friendly,True
2017-01-20,USA,Spain,0,1,FIFA World Cup,True
2017-01-21,Uruguay,Croatia,0,0,UEFA Euro,False
2017-01-21,Italy,Portugal,3,1,Qualifier,False
2017-01-22,Senegal,Mexico,1,0,Friendly,False
2017-01-23,Brazil,Switzerland,1,1,FIFA World Cup,True
2017-01-25,Argentina,Japan,1,2,FIFA World Cup,True
2017-01-25,Argentina,Senegal,1,1,Qualifier,False
2017-01-26,Spain,England,2,2,Qualifier,False
2017-01-27,Mexico,USA,0,2,Friendly,False
2017-01-27,Netherlands,Denmark,0,1,FIFA World Cup,True
2017-01-27,Spain,USA,1,0,FIFA World Cup,True
2017-01-31,Belgium,Spain,2,0,UEFA Euro,False
2017-02-02,Uruguay,Denmark,1,1,FIFA World Cup,True
2017-02-03,Mexico,Belgium,1,1,Qualifier,False
2017-02-09,Uruguay,Portugal,1,0,Friendly,False
2017-02-09,Morocco,Italy,1,0,Qualifier,False
2017-02-14,Spain,USA,3,0,FIFA World Cup,True
2017-02-15,Denmark,Senegal,0,2,UEFA Euro,True
2017-02-20,Senegal,Croatia,2,1,UEFA Euro,False
2017-02-23,USA,Croatia,2,1,Qualifier,False
2017-02-25,Brazil,Switzerland,1,2,FIFA World Cup,True
2017-02-25,South Korea,Uruguay,0,5,UEFA Euro,False
2017-03-04,Denmark,Morocco,2,0,Friendly,False
2017-03-05,Spain,Croatia,1,2,UEFA Euro,False
2017-03-06,South Korea,Netherlands,1,2,Copa America,False
2017-03-07,Uruguay,Argentina,1,3,Friendly,False
2017-03-08,Uruguay,Brazil,0,0,FIFA World Cup,True
2017-03-13,Brazil,Spain,0,0,Qualifier,True
2017-03-26,Uruguay,Denmark,1,0,Copa America,False
2017-03-26,South Korea,Switzerland,0,0,FIFA World Cup,True
2017-04-01,Denmark,France,1,2,FIFA World Cup,True
2017-04-06,Croatia,Brazil,0,0,Friendly,False
2017-04-08,Netherlands,Belgium,2,0,UEFA Euro,False
2017-04-08,USA,Morocco,1,1,UEFA Euro,False
2017-04-21,Japan,England,0,1,Friendly,False
2017-04-21,Denmark,Argentina,1,1,FIFA World Cup,True
2017-04-25,Argentina,Portugal,2,1,Friendly,False
2017-04-27,Morocco,Japan,0,0,Friendly,False
2017-04-28,Japan,Mexico,1,1,FIFA World Cup,True
2017-05-01,USA,Croatia,0,1,Friendly,False
2017-05-03,Uruguay,Japan,0,2,Friendly,False
2017-05-03,Portugal,Mexico,0,0,Friendly,True
2017-05-04,France,Mexico,4,1,Friendly,False
2017-05-06,Italy,Uruguay,2,0,Friendly,True
2017-05-07,Senegal,Japan,0,3,UEFA Euro,True
2017-05-10,France,Netherlands,3,1,Friendly,False
2017-05-10,Brazil,England,4,0,Friendly,False
2017-05-14,Morocco,Croatia,2,1,Friendly,False
2017-05-16,Croatia,Switzerland,0,0,UEFA Euro,False
2017-05-16,Belgium,France,0,0,Friendly,False
2017-05-19,Argentina,Japan,1,0,Friendly,False
2017-05-21,South Korea,Mexico,1,2,UEFA Euro,True
2017-05-21,Morocco,Italy,0,0,Qualifier,False
2017-05-23,England,South Korea,1,4,Qualifier,False
2017-05-24,Croatia,Japan,1,1,FIFA World Cup,True
2017-05-25,Denmark,Belgium,0,1,Friendly,False
2017-05-28,Japan,Senegal,0,1,UEFA Euro,False
2017-05-28,Netherlands,Uruguay,1,0,Friendly,False
2017-05-30,France,Switzerland,1,1,Friendly,False
2017-06-01,Brazil,USA,1,0,UEFA Euro,False
2017-06-02,South Korea,France,2,1,Friendly,False
2017-06-04,Switzerland,Brazil,0,0,FIFA World Cup,True
2017-06-07,England,Netherlands,0,2,Friendly,True
2017-06-10,Uruguay,Belgium,4,1,Friendly,True
2017-06-11,Croatia,Brazil,1,2,Friendly,True
2017-06-21,Argentina,Japan,2,0,FIFA World Cup,True
2017-06-25,Mexico,Portugal,1,2,Friendly,False
2017-06-27,England,France,1,0,Qualifier,False
2017-06-28,Belgium,Morocco,3,0,Qualifier,False
2017-06-30,England,Argentina,1,1,Friendly,False
2017-07-03,Morocco,France,1,1,Qualifier,False
2017-07-06,Mexico,Germany,0,1,Qualifier,False
2017-07-07,Mexico,Uruguay,0,3,Friendly,False
2017-07-08,Japan,Germany,2,0,Copa America,False
2017-07-08,Mexico,Italy,0,0,Friendly,True
2017-07-10,Switzerland,Italy,0,1,Friendly,False
2017-07-14,Morocco,Senegal,0,1,Friendly,False
2017-07-14,Brazil,Japan,1,2,Copa America,False
2017-07-15,USA,Spain,0,1,UEFA Euro,False
2017-07-19,Germany,Spain,0,2,FIFA World Cup,True
2017-07-27,Morocco,Italy,3,2,Friendly,False
2017-07-29,Netherlands,Switzerland,0,0,Friendly,False
2017-07-31,Spain,Belgium,1,0,Friendly,False
2017-08-01,Spain,Senegal,2,1,Friendly,False
2017-08-02,Netherlands,Denmark,1,2,Friendly,False
2017-08-02,Argentina,Spain,3,0,FIFA World Cup,True
2017-08-05,Croatia,Uruguay,1,1,Friendly,False
2017-08-05,Spain,Switzerland,1,1,Friendly,True
2017-08-07,Brazil,Netherlands,0,0,FIFA World Cup,True
2017-08-07,Switzerland,England,0,0,FIFA World Cup,True
2017-08-08,Japan,France,0,0,Friendly,False
2017-08-09,USA,Senegal,2,2,Qualifier,False
2017-08-09,Brazil,Denmark,2,0,Qualifier,False
2017-08-11,USA,Morocco,1,1,Friendly,False
2017-08-11,Switzerland,Germany,1,0,FIFA World Cup,True
2017-08-14,Morocco,Croatia,0,1,Friendly,False
2017-08-15,Germany,Portugal,0,1,UEFA Euro,True
2017-08-18,Uruguay,Germany,1,1,Friendly,True
2017-08-19,USA,Denmark,0,0,Friendly,True
2017-08-19,Portugal,Croatia,0,0,FIFA World Cup,True
2017-08-19,Mexico,Argentina,1,2,FIFA World Cup,True
2017-08-19,Morocco,Croatia,1,0,UEFA Euro,True
2017-08-19,England,Brazil,1,1,Friendly,False
2017-08-20,Uruguay,Croatia,3,1,Friendly,False
2017-08-31,Belgium,Switzerland,0,1,FIFA World Cup,True
2017-09-02,Spain,Belgium,1,0,Friendly,False
2017-09-04,England,France,0,4,Copa America,False
2017-09-05,Portugal,Senegal,0,0,Qualifier,False
2017-09-08,South Korea,Uruguay,0,0,UEFA Euro,False
2017-09-09,South Korea,Spain,1,1,Friendly,False
2017-09-09,Spain,Brazil,1,0,Friendly,False
2017-09-17,Mexico,USA,0,1,Friendly,False
2017-09-19,Senegal,Netherlands,1,1,Qualifier,False
2017-09-20,England,Switzerland,1,0,UEFA Euro,False
2017-09-24,Morocco,Mexico,2,1,Friendly,False
2017-09-24,France,Spain,0,1,FIFA World Cup,True
2017-09-28,Belgium,England,1,1,FIFA World Cup,True
2017-09-30,Denmark,Switzerland,0,1,Friendly,False
2017-10-09,Brazil,Denmark,0,2,Friendly,False
2017-10-12,Portugal,Germany,0,3,Friendly,False
2017-10-14,Mexico,USA,1,0,Friendly,False
2017-10-19,Netherlands,South Korea,0,1,Friendly,True
2017-10-20,Belgium,Netherlands,2,3,UEFA Euro,True
2017-10-31,Switzerland,Brazil,1,1,Friendly,False
2017-10-31,Argentina,Uruguay,0,1,Friendly,False
2017-11-01,Portugal,Argentina,1,0,Friendly,False
2017-11-06,Portugal,South Korea,0,0,FIFA World Cup,True
2017-11-07,Italy,Brazil,2,2,Friendly,False
2017-11-09,Spain,France,2,2,Friendly,False
2017-11-09,Italy,Belgium,1,0,UEFA Euro,True
2017-11-10,South Korea,Portugal,0,0,FIFA World Cup,True
2017-11-11,Morocco,Japan,0,0,Qualifier,True
2017-11-16,Japan,Spain,0,1,Copa America,False
2017-11-17,Germany,Brazil,0,0,Qualifier,False
2017-11-22,USA,Argentina,3,0,Copa America,True
2017-11-24,Germany,South Korea,3,2,Qualifier,False
2017-11-24,Uruguay,Belgium,0,5,Friendly,False
2017-11-29,Belgium,Morocco,1,0,Qualifier,False
2017-11-30,Belgium,Argentina,4,3,Friendly,True
2017-12-01,Germany,Japan,0,0,Friendly,False
2017-12-01,Argentina,Uruguay,1,2,UEFA Euro,True
2017-12-04,Spain,Japan,2,0,Friendly,False
2017-12-06,Denmark,Croatia,0,1,FIFA World Cup,True
2017-12-06,Switzerland,Italy,0,1,Friendly,False
2017-12-10,Spain,Japan,2,2,Friendly,True
2017-12-11,USA,Italy,1,0,Friendly,False
2017-12-11,Argentina,Switzerland,2,2,Friendly,False
2017-12-18,Italy,Belgium,1,1,Friendly,False
2017-12-19,Brazil,Croatia,1,0,Friendly,False
2017-12-19,Italy,Senegal,2,0,FIFA World Cup,True
2017-12-26,Belgium,South Korea,1,0,Qualifier,False
2017-12-27,USA,Switzerland,2,0,Friendly,False
2018-01-01,France,Spain,1,2,Friendly,False
2018-01-02,USA,Spain,1,0,Copa America,True
2018-01-07,Denmark,Brazil,0,0,Copa America,False
2018-01-09,Croatia,Morocco,3,0,Friendly,False
2018-01-17,Senegal,Switzerland,1,2,UEFA Euro,False
2018-01-17,Morocco,Spain,1,0,Copa America,True
2018-01-20,Italy,Germany,1,2,Qualifier,False
2018-01-21,Argentina,Morocco,0,0,Copa America,False
2018-01-22,Portugal,Mexico,2,0,FIFA World Cup,True
2018-01-24,France,Italy,0,0,Friendly,False
2018-01-25,Argentina,Japan,1,1,Friendly,False
2018-01-25,Italy,Morocco,0,2,Friendly,False
2018-01-27,South Korea,Belgium,0,1,FIFA World Cup,True
2018-01-30,France,Germany,0,1,UEFA Euro,False
2018-02-04,Brazil,Denmark,0,1,UEFA Euro,False
2018-02-05,Morocco,Switzerland,1,1,UEFA Euro,False
2018-02-05,Japan,Switzerland,1,2,UEFA Euro,False
2018-02-13,Spain,Mexico,0,1,Friendly,False
2018-02-13,USA,Mexico,3,0,Friendly,False
2018-02-14,England,Mexico,2,1,Friendly,False
2018-02-16,Senegal,Portugal,1,1,Friendly,False
2018-02-18,Spain,South Korea,4,1,Copa America,False
2018-02-21,South Korea,Senegal,0,2,Copa America,True
2018-02-22,Belgium,Japan,2,2,Friendly,False
2018-02-24,Japan,England,0,0,Qualifier,False
2018-02-24,Mexico,USA,1,0,Friendly,True
2018-02-27,Portugal,USA,1,0,FIFA World Cup,True
2018-02-27,Switzerland,Portugal,0,0,Friendly,False
2018-03-03,France,Brazil,1,1,Qualifier,False
2018-03-04,France,Senegal,1,1,Friendly,False
2018-03-06,Argentina,Portugal,3,0,Friendly,False
2018-03-08,France,Croatia,1,0,Qualifier,False
2018-03-11,South Korea,Senegal,3,1,UEFA Euro,True
2018-03-11,Morocco,Spain,0,1,Friendly,True
2018-03-14,Denmark,Spain,1,1,Copa America,False
2018-03-15,Argentina,Mexico,2,1,Friendly,False
2018-03-17,Japan,South Korea,1,0,Qualifier,False
2018-03-19,Netherlands,Switzerland,2,1,UEFA Euro,False
2018-03-19,Switzerland,Netherlands,3,2,Friendly,False
2018-03-23,Uruguay,Senegal,3,0,Friendly,True
2018-03-25,Germany,Croatia,0,0,Copa America,False
2018-03-26,Japan,Portugal,1,3,UEFA Euro,True
2018-03-27,Switzerland,Senegal,0,1,Friendly,False
2018-03-29,USA,Germany,0,0,Friendly,False
2018-04-01,Spain,England,2,1,FIFA World Cup,True
2018-04-04,Spain,Switzerland,0,2,Friendly,False
2018-04-07,Argentina,Portugal,1,2,Friendly,False
2018-04-08,Uruguay,Mexico,3,2,FIFA World Cup,True
2018-04-09,South Korea,Uruguay,1,1,Qualifier,False
2018-04-11,Belgium,Argentina,4,0,Qualifier,False
2018-04-12,Denmark,Croatia,0,0,Qualifier,True
2018-04-15,Spain,Argentina,2,1,Friendly,False
2018-04-18,Netherlands,Italy,0,3,Friendly,True
2018-04-18,Morocco,USA,3,0,Qualifier,False
2018-04-21,Brazil,Mexico,2,0,Friendly,True
2018-04-23,Brazil,Germany,0,2,UEFA Euro,False
2018-04-23,Switzerland,Japan,0,3,Friendly,False
2018-04-25,Spain,Mexico,2,2,UEFA Euro,False
2018-05-03,Denmark,Spain,0,1,Friendly,False
2018-05-04,England,Belgium,1,0,Friendly,False
2018-05-07,USA,Brazil,1,0,Friendly,False
2018-05-11,Argentina,South Korea,1,1,Copa America,False
2018-05-13,Denmark,Croatia,1,1,FIFA World Cup,True
2018-05-14,Portugal,Senegal,1,2,Copa America,False
2018-05-15,South Korea,Mexico,1,2,Friendly,False
2018-05-16,France,Belgium,1,1,Friendly,False
2018-05-21,Italy,Netherlands,1,0,Friendly,False
2018-05-25,South Korea,Spain,0,2,Friendly,False
2018-05-25,Denmark,Japan,1,0,FIFA World Cup,True
2018-05-25,Croatia,Mexico,2,1,FIFA World Cup,True
2018-05-27,Croatia,France,0,1,UEFA Euro,False
2018-05-28,Croatia,France,0,0,Friendly,True
2018-05-30,Croatia,England,1,1,Qualifier,False
2018-05-31,Japan,Mexico,2,0,Friendly,False
2018-06-04,Uruguay,Mexico,2,2,Qualifier,False
2018-06-06,England,Belgium,1,1,Friendly,True
2018-06-07,Netherlands,South Korea,3,1,Copa America,False
2018-06-07,South Korea,Italy,2,0,Friendly,False
2018-06-08,Morocco,France,2,1,Qualifier,True
2018-06-09,Mexico,Croatia,0,2,UEFA Euro,False
2018-06-10,France,Morocco,1,0,Qualifier,True
2018-06-10,USA,France,0,2,Friendly,True
2018-06-10,Mexico,Croatia,0,1,Friendly,True
2018-06-13,Switzerland,South Korea,1,0,Friendly,False
2018-06-16,Spain,France,0,0,Friendly,False
2018-06-19,USA,Japan,1,0,Friendly,False
2018-06-20,Italy,South Korea,2,2,Friendly,False
2018-06-21,Mexico,Uruguay,2,0,UEFA Euro,True
2018-06-24,Germany,Uruguay,0,1,Friendly,False
2018-06-25,Brazil,Portugal,0,1,Friendly,False
2018-06-25,Argentina,Netherlands,0,1,Copa America,True
2018-06-26,France,Mexico,3,1,Copa America,False
2018-06-30,USA,Brazil,2,2,Friendly,True
2018-07-03,Belgium,Denmark,3,0,UEFA Euro,False
2018-07-03,Spain,Germany,0,0,Friendly,True
2018-07-04,Denmark,Switzerland,1,0,Friendly,False
2018-07-05,Portugal,Uruguay,1,0,Friendly,False
2018-07-05,Spain,USA,1,2,FIFA World Cup,True
2018-07-08,Morocco,Mexico,0,2,UEFA Euro,False
2018-07-09,England,Switzerland,3,2,Qualifier,False
2018-07-12,Croatia,Argentina,0,0,FIFA World Cup,True
2018-07-18,Switzerland,South Korea,2,1,Friendly,False
2018-07-18,Japan,Senegal,4,1,Friendly,False
2018-07-22,Italy,Morocco,0,2,Copa America,False
2018-08-01,Morocco,Brazil,1,1,FIFA World Cup,True
2018-08-04,Morocco,Portugal,1,2,Copa America,False
2018-08-08,Italy,Germany,1,0,Friendly,False
2018-08-10,England,Morocco,0,1,Copa America,True
2018-08-13,Switzerland,Denmark,1,2,Friendly,False
2018-08-15,Mexico,Portugal,1,1,Copa America,False
2018-08-16,Denmark,Senegal,1,1,FIFA World Cup,True
2018-08-18,USA,Argentina,2,2,Friendly,False
2018-08-25,Croatia,Mexico,2,2,Friendly,False
2018-08-26,Senegal,Japan,0,0,FIFA World Cup,True
2018-08-27,Italy,Denmark,0,0,FIFA World Cup,True
2018-08-28,Mexico,Argentina,0,0,Qualifier,False
2018-09-02,Spain,Italy,2,0,FIFA World Cup,True
2018-09-05,South Korea,Spain,0,1,Friendly,False
2018-09-06,Belgium,Spain,1,0,Friendly,False
2018-09-09,Portugal,Argentina,2,1,Friendly,False
2018-09-09,Belgium,Switzerland,3,1,Friendly,False
2018-09-10,Portugal,England,2,0,FIFA World Cup,True
2018-09-12,Netherlands,Denmark,0,1,Friendly,False
2018-09-13,Netherlands,Italy,3,2,FIFA World Cup,True
2018-09-14,Portugal,Senegal,0,0,Copa America,True
2018-09-15,Portugal,South Korea,1,1,UEFA Euro,False
2018-09-15,Portugal,Spain,2,0,FIFA World Cup,True
2018-09-19,Brazil,Netherlands,0,2,Copa America,False
2018-09-19,France,South Korea,1,1,Friendly,False
2018-09-25,USA,Germany,0,2,Friendly,False
2018-09-27,France,Morocco,0,0,Friendly,False
2018-09-27,Argentina,Netherlands,0,0,FIFA World Cup,True
2018-10-03,Belgium,Denmark,2,2,Friendly,False
2018-10-06,Morocco,Argentina,1,0,Friendly,False
2018-10-07,Croatia,Germany,1,0,Friendly,False
2018-10-13,Portugal,Japan,3,0,UEFA Euro,False
2018-10-14,Netherlands,Croatia,1,1,FIFA World Cup,True
2018-10-23,USA,Morocco,1,0,Qualifier,False
2018-10-24,Switzerland,England,1,0,UEFA Euro,False
2018-10-28,Denmark,Croatia,3,0,Qualifier,False
2018-10-29,Belgium,Italy,1,1,FIFA World Cup,True
2018-10-29,Netherlands,Uruguay,0,4,Friendly,True
2018-11-01,Spain,Denmark,1,2,Friendly,False
2018-11-06,Uruguay,Japan,1,1,UEFA Euro,False
2018-11-10,Mexico,Spain,0,1,Friendly,False
2018-11-11,Spain,Croatia,2,1,Qualifier,False
2018-11-13,Switzerland,South Korea,2,3,Copa America,False
2018-11-20,Uruguay,Italy,0,0,Friendly,False
2018-11-25,USA,Brazil,1,1,FIFA World Cup,True
2018-11-25,Germany,Argentina,0,2,UEFA Euro,False
2018-12-03,Japan,England,0,1,Friendly,False
2018-12-03,Germany,Denmark,2,0,Friendly,False
2018-12-04,Switzerland,Germany,2,1,Copa America,False
2018-12-06,Portugal,Argentina,0,0,Friendly,False
2018-12-06,Morocco,Brazil,0,0,FIFA World Cup,True
2018-12-07,Brazil,Uruguay,0,2,Friendly,False
2018-12-13,Senegal,South Korea,1,1,UEFA Euro,False
2018-12-13,Netherlands,USA,1,0,Copa America,True
2018-12-17,Portugal,England,0,1,Copa America,False
2018-12-22,Uruguay,Belgium,2,0,Friendly,True
2018-12-23,Brazil,Portugal,0,1,UEFA Euro,False
2018-12-24,Senegal,Portugal,1,0,Friendly,False
2018-12-25,England,Denmark,3,0,Friendly,False
2018-12-31,England,Portugal,0,2,Copa America,True
2019-01-03,Croatia,Argentina,1,2,Qualifier,False
2019-01-08,Japan,Mexico,2,4,FIFA World Cup,True
2019-01-14,Belgium,France,0,0,UEFA Euro,False
2019-01-15,Senegal,Morocco,1,1,UEFA Euro,True
2019-01-20,Belgium,Croatia,1,1,Friendly,False
2019-01-21,Denmark,Japan,0,0,Friendly,False
2019-01-23,Japan,Germany,0,0,Qualifier,False
2019-01-24,Argentina,Mexico,1,1,Friendly,False
2019-01-25,Croatia,Switzerland,0,0,Friendly,False
2019-01-31,Uruguay,Denmark,1,0,FIFA World Cup,True
2019-02-02,USA,Uruguay,0,1,Friendly,False
2019-02-02,Uruguay,Portugal,1,1,FIFA World Cup,True
2019-02-03,Senegal,Spain,0,0,Qualifier,False
2019-02-05,Germany,USA,1,0,Friendly,True
2019-02-07,England,Denmark,2,2,Qualifier,False
2019-02-07,Italy,Germany,1,0,Friendly,False
2019-02-07,Mexico,Morocco,0,0,Copa America,False
2019-02-09,Brazil,Portugal,0,1,FIFA World Cup,True
2019-02-13,England,Spain,1,2,Qualifier,False
2019-02-13,Senegal,Croatia,1,0,FIFA World Cup,True
2019-02-13,Japan,South Korea,0,2,Qualifier,True
2019-02-14,South Korea,Japan,2,2,Friendly,False
2019-02-16,England,Switzerland,2,1,UEFA Euro,False
2019-02-19,Denmark,Japan,2,0,Friendly,False
2019-02-23,Mexico,Switzerland,1,3,Friendly,False
2019-02-25,Belgium,Netherlands,0,0,Friendly,False
2019-02-28,Morocco,USA,0,0,UEFA Euro,True
2019-03-03,Denmark,Spain,0,2,FIFA World Cup,True
2019-03-03,Argentina,Croatia,1,1,UEFA Euro,False
2019-03-03,Croatia,Portugal,1,1,UEFA Euro,False
2019-03-07,Japan,Mexico,0,3,Friendly,False
2019-03-07,Switzerland,Morocco,0,1,UEFA Euro,True
2019-03-08,Mexico,Germany,1,1,Friendly,False
2019-03-12,Senegal,Brazil,1,2,Friendly,False
2019-03-15,Spain,Portugal,0,0,Copa America,False
2019-03-17,Italy,Morocco,1,1,Friendly,False
2019-03-19,Portugal,Netherlands,1,1,UEFA Euro,False
2019-03-20,Netherlands,Switzerland,2,0,FIFA World Cup,True
2019-03-22,Germany,Brazil,2,1,FIFA World Cup,True
2019-03-22,Brazil,South Korea,0,1,UEFA Euro,False
2019-03-23,South Korea,France,0,0,Friendly,False
2019-03-24,Morocco,Brazil,1,3,Friendly,False
2019-03-24,Germany,USA,2,1,Friendly,False
2019-03-25,USA,England,1,1,Friendly,True
2019-03-29,Netherlands,Italy,2,1,FIFA World Cup,True
2019-03-29,Morocco,Italy,1,1,UEFA Euro,False
2019-04-10,Spain,England,2,2,FIFA World Cup,True
2019-04-10,Italy,England,1,1,Qualifier,False
2019-04-13,South Korea,Morocco,1,1,Friendly,False
2019-04-13,England,USA,1,1,Friendly,False
2019-04-14,France,Belgium,1,1,UEFA Euro,True
2019-04-15,Brazil,Belgium,0,0,UEFA Euro,False
2019-04-16,Uruguay,Croatia,0,1,Friendly,False
2019-04-18,Germany,Denmark,0,0,Friendly,False
2019-04-20,England,Spain,1,1,Friendly,False
2019-04-21,Denmark,Brazil,0,2,Friendly,True
2019-04-24,Brazil,Denmark,0,1,Friendly,True
2019-04-27,USA,Italy,1,0,Friendly,False
2019-05-03,Germany,Belgium,0,4,Friendly,False
2019-05-04,England,South Korea,1,1,UEFA Euro,False
2019-05-05,Uruguay,Morocco,2,0,Friendly,False
2019-05-06,Denmark,Senegal,0,1,UEFA Euro,False
2019-05-07,Italy,France,1,0,UEFA Euro,False
2019-05-08,Germany,Morocco,0,1,Copa America,False
2019-05-08,Morocco,Mexico,0,0,FIFA World Cup,True
2019-05-09,France,Brazil,0,2,Copa America,False
2019-05-09,Brazil,Spain,0,0,Friendly,True
2019-05-11,Croatia,France,0,0,FIFA World Cup,True
2019-05-11,England,Portugal,3,2,FIFA World Cup,True
2019-05-13,USA,Spain,0,0,Qualifier,False
2019-05-21,Croatia,Netherlands,1,0,Qualifier,False
2019-05-22,England,Uruguay,1,0,FIFA World Cup,True
2019-05-24,Italy,Japan,0,0,Friendly,False
2019-05-26,Belgium,Brazil,1,1,Friendly,False
2019-05-29,Spain,Italy,1,3,Friendly,False
2019-06-01,Spain,Argentina,1,1,Friendly,False
2019-06-02,Portugal,Argentina,0,0,Friendly,False
2019-06-02,Netherlands,Belgium,1,0,Friendly,True
2019-06-04,South Korea,Japan,4,3,Copa America,False
2019-06-08,Japan,Uruguay,1,0,UEFA Euro,False
2019-06-11,Switzerland,France,0,0,FIFA World Cup,True
2019-06-13,Spain,Brazil,1,0,Qualifier,False
2019-06-15,Spain,Netherlands,1,1,Friendly,False
2019-06-21,Netherlands,Germany,0,0,Copa America,False
2019-06-24,France,England,1,1,UEFA Euro,False
2019-06-25,Morocco,Senegal,0,1,FIFA World Cup,True
2019-07-07,Denmark,Japan,1,1,Friendly,False
2019-07-10,Belgium,USA,1,0,Friendly,False
2019-07-18,Croatia,Switzerland,1,1,Copa America,False
2019-07-19,Italy,Spain,1,0,UEFA Euro,False
2019-07-22,Uruguay,Morocco,0,0,Copa America,False
2019-07-23,Portugal,Denmark,2,2,Copa America,False
2019-07-24,France,USA,3,0,Qualifier,False
2019-07-29,Argentina,France,2,2,Friendly,False
2019-07-30,Senegal,Germany,1,2,FIFA World Cup,True
2019-07-31,Mexico,USA,4,3,UEFA Euro,False
2019-08-08,Morocco,Brazil,1,2,Friendly,True
2019-08-11,Switzerland,Italy,3,0,Friendly,False
2019-08-12,Portugal,Netherlands,0,0,Friendly,False
2019-08-12,Belgium,Spain,1,2,Qualifier,True
2019-08-12,Spain,Argentina,1,0,FIFA World Cup,True
2019-08-13,Japan,Portugal,1,0,Friendly,False
2019-08-13,Denmark,Argentina,1,0,Friendly,True
2019-08-18,Denmark,Portugal,1,1,FIFA World Cup,True
2019-08-20,Spain,Argentina,0,3,Friendly,False
2019-08-22,Croatia,Japan,2,0,Friendly,False
2019-08-24,South Korea,England,2,1,UEFA Euro,False
2019-08-27,Brazil,Switzerland,0,1,FIFA World Cup,True
2019-08-31,Belgium,France,0,4,UEFA Euro,False
2019-09-07,Denmark,Morocco,3,2,UEFA Euro,False
2019-09-10,Belgium,Netherlands,2,1,Qualifier,False
2019-09-16,France,England,1,1,FIFA World Cup,True
2019-09-19,France,Denmark,1,0,Copa America,False
2019-09-20,Netherlands,Croatia,2,1,FIFA World Cup,True
2019-09-20,Croatia,Belgium,0,0,Friendly,False
2019-09-21,Germany,England,0,1,Friendly,False
2019-09-25,Denmark,South Korea,0,1,Friendly,False
2019-09-25,Germany,Netherlands,1,0,FIFA World Cup,True
2019-09-27,Switzerland,Senegal,1,1,UEFA Euro,False
2019-09-28,France,Netherlands,1,2,UEFA Euro,False
2019-09-29,Mexico,Italy,0,0,FIFA World Cup,True
2019-09-30,South Korea,Italy,0,1,Qualifier,False
2019-10-04,Italy,Portugal,1,1,FIFA World Cup,True
2019-10-04,Belgium,Uruguay,5,1,Qualifier,True
2019-10-08,Belgium,England,0,0,UEFA Euro,True
2019-10-14,Germany,England,1,0,Friendly,False
2019-10-16,France,Senegal,1,0,Friendly,True
2019-10-18,Argentina,Germany,1,0,Friendly,False
2019-10-22,Denmark,Brazil,1,1,Copa America,False
2019-10-22,England,Mexico,2,2,Copa America,False
2019-10-25,Senegal,Italy,0,1,UEFA Euro,False
2019-10-30,South Korea,USA,1,1,UEFA Euro,False
2019-11-04,Netherlands,Denmark,1,1,UEFA Euro,False
2019-11-05,Brazil,Spain,2,1,Qualifier,True
2019-11-08,Switzerland,Denmark,1,1,Friendly,False
2019-11-08,Uruguay,Mexico,0,1,Friendly,False
2019-11-09,England,Spain,0,0,Qualifier,False
2019-11-10,Morocco,Brazil,1,3,UEFA Euro,False
2019-11-10,Denmark,Argentina,2,1,Friendly,False
2019-11-12,England,Netherlands,1,1,Friendly,False
2019-11-14,Germany,Italy,4,1,Copa America,False
2019-11-16,Spain,Switzerland,0,2,UEFA Euro,False
2019-11-17,France,Japan,1,0,Copa America,False
2019-11-18,Argentina,Brazil,0,1,Friendly,False
2019-11-18,Japan,Switzerland,0,1,UEFA Euro,False
2019-11-23,Spain,Japan,2,0,Friendly,False
2019-11-24,USA,Brazil,0,2,Qualifier,False
2019-11-27,Mexico,Croatia,0,2,Friendly,False
2019-12-02,Spain,Argentina,0,1,Friendly,True
2019-12-02,Denmark,Croatia,2,4,Friendly,False
2019-12-04,South Korea,Switzerland,0,0,Friendly,False
2019-12-07,Uruguay,Morocco,3,2,Qualifier,True
2019-12-12,Germany,Brazil,0,1,Friendly,False
2019-12-12,Spain,Argentina,1,2,Copa America,False
2019-12-13,Croatia,Mexico,1,0,Friendly,True
2019-12-18,Japan,Italy,0,0,FIFA World Cup,True
2019-12-19,Italy,England,1,3,Friendly,False
2019-12-19,South Korea,France,2,1,Friendly,False
2019-12-27,Argentina,Croatia,0,0,Qualifier,False
2020-01-05,South Korea,Netherlands,1,0,Friendly,False
2020-01-06,Switzerland,Spain,1,0,UEFA Euro,True
2020-01-08,Portugal,Brazil,2,0,Friendly,False
2020-01-11,Uruguay,Italy,0,1,UEFA Euro,True
2020-01-12,Japan,Croatia,0,2,UEFA Euro,True
2020-01-15,Germany,Senegal,1,1,UEFA Euro,False
2020-01-19,Uruguay,Netherlands,0,2,Copa America,True
2020-01-21,Mexico,England,1,1,Qualifier,False
2020-01-22,France,Portugal,1,3,Copa America,True
2020-01-22,Denmark,England,0,1,FIFA World Cup,True
2020-01-24,USA,Germany,0,3,UEFA Euro,True
2020-01-28,Mexico,Portugal,2,1,Friendly,True
2020-01-28,South Korea,Switzerland,0,0,Friendly,False
2020-02-03,Italy,Switzerland,0,1,Friendly,True
2020-02-05,Uruguay,England,0,0,Friendly,False
2020-02-07,Mexico,Italy,2,0,FIFA World Cup,True
2020-02-07,France,Denmark,1,0,Friendly,True
2020-02-09,Croatia,Denmark,0,0,Friendly,True
2020-02-10,South Korea,Denmark,1,1,Friendly,False
2020-02-11,USA,Senegal,1,2,FIFA World Cup,True
2020-02-15,Argentina,Spain,0,0,Qualifier,False
2020-02-18,Japan,Mexico,0,3,Friendly,True
2020-02-19,England,Belgium,0,0,Qualifier,False
2020-02-24,Spain,USA,1,0,Qualifier,False
2020-02-27,Argentina,England,1,1,Friendly,False
2020-02-29,Senegal,USA,2,0,Friendly,False
2020-02-29,Senegal,Spain,2,1,Friendly,False
2020-03-01,Senegal,Argentina,1,1,Friendly,False
2020-03-02,France,Croatia,1,1,Friendly,True
2020-03-04,Morocco,Netherlands,2,0,UEFA Euro,False
2020-03-07,Germany,Netherlands,2,2,Copa America,False
2020-03-08,Argentina,Brazil,0,1,Qualifier,False
2020-03-11,Germany,Portugal,0,1,Friendly,False
2020-03-15,Mexico,Portugal,0,0,FIFA World Cup,True
2020-03-19,Croatia,Senegal,0,0,Copa America,False
2020-03-24,Japan,Italy,1,1,Qualifier,True
2020-03-24,France,England,1,1,Friendly,False
2020-03-25,Denmark,Croatia,0,0,Friendly,False
2020-03-25,Brazil,Spain,1,2,Friendly,False
2020-04-01,Switzerland,Morocco,1,2,FIFA World Cup,True
2020-04-10,Uruguay,Spain,3,0,FIFA World Cup,True
2020-04-12,Argentina,Japan,2,1,FIFA World Cup,True
2020-04-13,Germany,Uruguay,0,0,Friendly,False
2020-04-14,France,Spain,1,3,Friendly,False
2020-04-15,Belgium,Switzerland,1,0,Friendly,False
2020-04-16,Switzerland,South Korea,0,0,FIFA World Cup,True
2020-04-19,Brazil,USA,0,1,FIFA World Cup,True
2020-04-20,Morocco,England,0,2,Friendly,False
2020-04-22,Italy,Switzerland,0,0,Friendly,False
2020-04-25,Germany,Denmark,0,0,Qualifier,False
2020-05-05,Croatia,Morocco,3,0,FIFA World Cup,True
2020-05-05,Morocco,Portugal,1,1,FIFA World Cup,True
2020-05-07,Germany,Uruguay,0,0,Friendly,True
2020-05-08,Denmark,Portugal,1,1,Friendly,False
2020-05-09,Italy,Netherlands,1,2,Copa America,False
2020-05-15,Mexico,Japan,1,0,Qualifier,False
2020-05-26,Germany,Morocco,2,0,FIFA World Cup,True
2020-05-28,Japan,Croatia,0,1,Qualifier,False
2020-05-28,Japan,USA,1,1,FIFA World Cup,True
2020-05-29,Mexico,Denmark,2,1,Qualifier,True
2020-06-01,France,Germany,1,0,UEFA Euro,True
2020-06-05,England,Morocco,4,2,Friendly,False
2020-06-08,England,Italy,0,0,Friendly,False
2020-06-09,Uruguay,Japan,2,1,Friendly,True
2020-06-10,Argentina,France,1,2,Friendly,True
2020-06-11,South Korea,Belgium,1,0,Friendly,False
2020-06-20,Brazil,Netherlands,0,3,UEFA Euro,False
2020-06-22,Germany,Argentina,1,1,Copa America,False
2020-06-22,South Korea,Senegal,0,0,Friendly,False
2020-06-22,France,Argentina,1,1,Friendly,False
2020-06-24,Brazil,France,3,0,UEFA Euro,False
2020-06-25,Uruguay,Brazil,1,1,UEFA Euro,False
2020-06-26,Senegal,Switzerland,1,2,Friendly,True
2020-06-27,South Korea,England,2,2,Friendly,True
2020-06-28,Uruguay,Belgium,1,2,Qualifier,False
2020-07-06,Netherlands,Mexico,1,1,UEFA Euro,False
2020-07-06,Italy,Mexico,3,2,Friendly,False
2020-07-08,Spain,Croatia,1,0,Friendly,True
2020-07-09,England,Switzerland,0,2,Friendly,False
2020-07-14,Mexico,Croatia,1,0,FIFA World Cup,True
2020-07-16,South Korea,Mexico,1,0,Friendly,False
2020-07-17,Portugal,Croatia,0,0,Friendly,False
2020-07-17,Argentina,Spain,2,0,Friendly,True
2020-07-22,Morocco,Italy,2,0,UEFA Euro,False
2020-07-25,Belgium,Mexico,2,0,UEFA Euro,True
2020-07-26,France,Brazil,1,1,Friendly,True
2020-08-03,Senegal,Denmark,1,2,Friendly,False
2020-08-04,Germany,Senegal,3,1,Friendly,False
2020-08-05,Brazil,Switzerland,2,1,Copa America,True
2020-08-06,Italy,Portugal,2,1,Friendly,False
2020-08-06,France,Brazil,1,2,Qualifier,False
2020-08-08,South Korea,Netherlands,0,0,UEFA Euro,False
2020-08-16,Mexico,Italy,0,1,Qualifier,False
2020-08-19,Netherlands,Morocco,1,0,UEFA Euro,False
2020-08-19,Japan,Netherlands,2,6,UEFA Euro,False
2020-08-21,Morocco,Germany,1,1,Copa America,False
2020-08-27,Argentina,Uruguay,1,0,Copa America,False
2020-08-30,Germany,Spain,0,2,UEFA Euro,False
2020-08-30,Italy,England,0,2,Friendly,True
2020-08-31,Germany,Morocco,1,0,Friendly,False
2020-08-31,Croatia,Switzerland,3,1,FIFA World Cup,True
2020-09-05,Spain,Portugal,2,0,Friendly,False
2020-09-12,Uruguay,USA,2,0,FIFA World Cup,True
2020-09-22,Croatia,South Korea,1,1,Friendly,True
2020-09-28,Croatia,Switzerland,1,1,FIFA World Cup,True
2020-09-29,Croatia,Germany,0,3,Friendly,False
2020-10-03,Mexico,Spain,0,0,Qualifier,True
2020-10-04,Senegal,Spain,0,2,Friendly,False
2020-10-05,Japan,Netherlands,0,0,FIFA World Cup,True
2020-10-07,Italy,Uruguay,0,0,Friendly,False
2020-10-13,South Korea,France,2,2,Friendly,False
2020-10-14,Brazil,France,2,1,Friendly,False
2020-10-17,Japan,Brazil,0,1,Friendly,False
2020-10-17,France,Portugal,1,0,Friendly,False
2020-10-17,Spain,England,0,2,Friendly,False
2020-10-20,Netherlands,Morocco,2,1,Qualifier,False
2020-10-20,Portugal,France,2,2,Friendly,False
2020-10-22,Mexico,Japan,0,0,Friendly,True
2020-10-23,Argentina,Uruguay,1,2,Copa America,False
2020-10-26,Spain,Portugal,3,0,Friendly,False
2020-10-27,England,Uruguay,4,2,FIFA World Cup,True
2020-10-30,Uruguay,Morocco,0,1,Copa America,True
2020-10-30,Netherlands,Portugal,1,1,UEFA Euro,False
2020-11-03,Uruguay,Denmark,0,1,Friendly,False
2020-11-04,Germany,Denmark,0,2,Friendly,True
2020-11-05,Spain,Mexico,1,0,Friendly,False
2020-11-07,Italy,France,0,2,Friendly,False
2020-11-12,Germany,Japan,1,0,FIFA World Cup,True
2020-11-12,Spain,Croatia,0,1,Copa America,False
2020-11-13,Brazil,Italy,0,0,Qualifier,True
2020-11-22,Morocco,Senegal,1,2,FIFA World Cup,True
2020-11-24,Netherlands,England,1,0,Friendly,False
2020-11-26,France,England,0,2,Copa America,False
2020-12-03,Morocco,France,2,1,Friendly,False
2020-12-04,Morocco,USA,3,2,FIFA World Cup,True
2020-12-12,Argentina,South Korea,1,2,UEFA Euro,False
2020-12-16,Senegal,Mexico,2,0,Friendly,False
2020-12-18,Italy,Brazil,3,1,FIFA World Cup,True
2020-12-19,Uruguay,Morocco,2,0,Friendly,False
2020-12-20,Croatia,Spain,2,1,Friendly,False
2020-12-21,France,Croatia,0,0,Friendly,True
2020-12-21,Brazil,France,2,3,FIFA World Cup,True
2020-12-22,Germany,Spain,0,0,Friendly,False
2020-12-26,Netherlands,France,0,1,UEFA Euro,False
2020-12-28,Croatia,Portugal,3,1,Friendly,False
2021-01-02,Brazil,Italy,0,3,Copa America,True
2021-01-03,Netherlands,Croatia,1,1,Friendly,False
2021-01-06,Italy,Netherlands,2,0,Friendly,False
2021-01-08,Senegal,Belgium,0,0,UEFA Euro,False
2021-01-09,Argentina,South Korea,2,0,UEFA Euro,False
2021-01-10,Mexico,Uruguay,0,2,UEFA Euro,False
2021-01-12,France,Brazil,0,3,FIFA World Cup,True
2021-01-13,Morocco,Japan,1,0,Friendly,False
2021-01-13,Belgium,South Korea,0,1,Qualifier,False
2021-01-17,Argentina,Belgium,0,0,Friendly,False
2021-01-19,Croatia,England,1,3,Copa America,False
2021-01-20,Croatia,Belgium,2,0,UEFA Euro,False
2021-01-22,Brazil,South Korea,0,0,Friendly,False
2021-01-24,Switzerland,France,2,1,UEFA Euro,False
2021-01-27,Italy,Japan,1,1,Friendly,False
2021-02-04,USA,Brazil,0,3,Copa America,True
2021-02-05,Netherlands,Uruguay,2,1,Friendly,False
2021-02-10,Belgium,Croatia,1,2,Friendly,False
2021-02-10,Portugal,USA,0,0,Friendly,True
2021-02-13,Italy,Portugal,2,0,FIFA World Cup,True
2021-02-14,South Korea,Switzerland,2,1,Friendly,False
2021-02-14,Argentina,Germany,1,0,Friendly,True
2021-02-16,Senegal,Croatia,0,1,FIFA World Cup,True
2021-02-16,Switzerland,USA,1,1,UEFA Euro,True
2021-02-20,Belgium,Mexico,2,0,Friendly,False
2021-02-23,Croatia,England,0,3,Friendly,False
2021-02-24,Japan,Spain,1,3,Qualifier,False
2021-02-24,Argentina,Germany,2,3,UEFA Euro,False
2021-02-27,Morocco,Japan,0,1,FIFA World Cup,True
2021-03-01,Germany,Switzerland,3,0,Friendly,False
2021-03-03,Morocco,Denmark,0,2,Friendly,False
2021-03-09,Germany,Netherlands,2,2,Friendly,False
2021-03-09,Spain,England,3,0,Friendly,False
2021-03-20,Croatia,Spain,0,0,Friendly,True
2021-03-20,Argentina,Morocco,2,0,UEFA Euro,False
2021-03-21,Brazil,Croatia,2,0,Copa America,False
2021-03-25,Spain,Mexico,2,0,FIFA World Cup,True
2021-03-31,Spain,Italy,0,0,FIFA World Cup,True
2021-04-01,Belgium,Denmark,0,2,Friendly,False
2021-04-05,Belgium,Portugal,0,0,Friendly,False
2021-04-06,Uruguay,Netherlands,1,0,Qualifier,False
2021-04-09,Portugal,Belgium,2,1,FIFA World Cup,True
2021-04-11,Belgium,USA,0,0,UEFA Euro,False
2021-04-11,Portugal,England,1,0,Friendly,False
2021-04-12,Senegal,Uruguay,1,1,UEFA Euro,False
2021-04-15,Mexico,Italy,3,3,FIFA World Cup,True
2021-04-17,USA,Spain,3,2,FIFA World Cup,True
2021-04-24,Denmark,Mexico,0,0,UEFA Euro,False
2021-04-24,Switzerland,South Korea,0,0,Friendly,False
2021-04-24,Denmark,France,1,3,FIFA World Cup,True
2021-04-25,Netherlands,Portugal,1,2,Friendly,False
2021-04-26,Uruguay,USA,1,2,Friendly,True
2021-04-28,Croatia,Brazil,0,1,Friendly,False
2021-05-02,USA,Morocco,1,1,Friendly,False
2021-05-05,Mexico,Brazil,1,0,Friendly,True
2021-05-07,Mexico,Portugal,1,1,Friendly,False
2021-05-10,Mexico,France,2,2,Friendly,False
2021-05-15,Senegal,Uruguay,3,2,Friendly,False
2021-05-15,South Korea,Morocco,1,0,Friendly,False
2021-05-18,England,Mexico,2,1,Friendly,False
2021-05-22,Senegal,Netherlands,1,1,Friendly,False
2021-05-22,Switzerland,Uruguay,1,0,UEFA Euro,False
2021-05-26,Denmark,USA,2,0,FIFA World Cup,True
2021-05-29,Morocco,Belgium,2,1,Friendly,False
2021-06-04,France,Italy,2,1,Friendly,False
2021-06-06,Argentina,Netherlands,2,2,Copa America,False
2021-06-06,Senegal,Germany,0,1,Copa America,False
2021-06-13,Mexico,Germany,0,1,Friendly,True
2021-06-14,Japan,Croatia,4,2,Copa America,False
2021-06-19,Switzerland,USA,0,2,Friendly,False
2021-06-23,Senegal,Argentina,1,0,UEFA Euro,False
2021-06-29,Denmark,Brazil,1,1,Copa America,False
2021-06-30,Senegal,France,2,3,Qualifier,False
2021-07-01,France,Denmark,1,0,UEFA Euro,True
2021-07-01,England,Belgium,0,0,Qualifier,False
2021-07-02,Brazil,Uruguay,2,0,Friendly,False
2021-07-03,USA,England,0,1,Qualifier,False
2021-07-04,Croatia,Germany,3,2,UEFA Euro,False
2021-07-07,Brazil,Mexico,1,1,Friendly,True
2021-07-12,Croatia,Mexico,0,0,UEFA Euro,False
2021-07-14,Japan,Italy,1,2,Friendly,True
2021-07-14,Germany,Italy,0,2,UEFA Euro,False
2021-07-14,Croatia,Senegal,4,1,FIFA World Cup,True
2021-07-15,Croatia,Denmark,1,0,Qualifier,False
2021-07-16,Brazil,Denmark,0,0,Friendly,False
2021-07-16,Japan,South Korea,0,1,Friendly,False
2021-07-22,Morocco,Senegal,0,1,Qualifier,True
2021-07-23,Belgium,Japan,1,2,Friendly,False
2021-07-23,France,Italy,0,1,Friendly,False
2021-07-23,Mexico,Senegal,3,1,Qualifier,True
2021-07-24,Mexico,Japan,0,0,Qualifier,False
2021-07-26,Italy,England,0,3,FIFA World Cup,True
2021-07-27,USA,France,0,0,FIFA World Cup,True
2021-07-28,Japan,Brazil,1,0,Friendly,False
2021-07-28,Italy,Belgium,1,2,Friendly,False
2021-07-29,France,Portugal,0,2,Friendly,True
2021-07-29,Croatia,Morocco,1,2,UEFA Euro,True
2021-08-09,South Korea,Argentina,1,2,Friendly,False
2021-08-10,Uruguay,Morocco,3,0,Friendly,False
2021-08-15,England,Argentina,0,2,Friendly,False
2021-08-16,Belgium,Portugal,2,1,Qualifier,True
2021-08-17,Italy,Japan,1,2,Friendly,False
2021-08-17,Brazil,England,1,0,FIFA World Cup,True
2021-08-17,Italy,Morocco,0,3,Copa America,True
2021-08-20,Uruguay,France,2,1,UEFA Euro,False
2021-08-20,USA,Senegal,0,0,Copa America,False
2021-08-23,Switzerland,South Korea,0,1,FIFA World Cup,True
2021-08-26,Morocco,Belgium,0,1,Friendly,False
2021-08-27,USA,South Korea,1,1,Friendly,False
2021-08-30,Denmark,Croatia,2,1,Copa America,False
2021-09-01,Denmark,Croatia,1,1,UEFA Euro,False
2021-09-03,Senegal,Argentina,1,0,Friendly,True
2021-09-06,England,Senegal,2,0,Friendly,False
2021-09-06,Portugal,South Korea,1,0,FIFA World Cup,True
2021-09-08,Mexico,Senegal,1,2,UEFA Euro,True
2021-09-13,Spain,Mexico,1,3,UEFA Euro,True
2021-09-13,Belgium,Argentina,2,1,FIFA World Cup,True
2021-09-14,South Korea,Italy,1,0,Friendly,True
2021-09-15,South Korea,Belgium,1,0,UEFA Euro,True
2021-09-15,Japan,Mexico,0,1,Friendly,False
2021-09-16,France,Belgium,0,0,Friendly,False
2021-09-24,Denmark,Spain,1,4,Qualifier,False
2021-09-29,Japan,Mexico,0,0,UEFA Euro,False
2021-10-01,Switzerland,Belgium,0,0,Friendly,False
2021-10-01,Morocco,Japan,1,0,UEFA Euro,True
2021-10-03,Spain,Morocco,2,2,FIFA World Cup,True
2021-10-04,Japan,USA,1,2,FIFA World Cup,True
2021-10-06,Japan,Belgium,1,3,Friendly,True
2021-10-07,France,Spain,2,0,UEFA Euro,False
2021-10-07,Brazil,Argentina,0,1,Friendly,False
2021-10-11,France,England,2,1,Friendly,False
2021-10-13,USA,Denmark,5,0,Copa America,False
2021-10-14,USA,Belgium,0,0,Friendly,False
2021-10-19,Italy,Spain,1,0,Friendly,False
2021-10-19,Uruguay,Portugal,2,1,Copa America,True
2021-10-20,Netherlands,Croatia,1,1,FIFA World Cup,True
2021-10-20,Japan,Italy,0,1,UEFA Euro,False
2021-10-22,Uruguay,Portugal,2,1,Friendly,False
2021-10-23,Senegal,USA,1,2,Friendly,False
2021-10-30,Portugal,Uruguay,1,2,Qualifier,False
2021-11-03,Netherlands,Uruguay,2,3,Friendly,False
2021-11-03,Spain,Germany,2,0,Friendly,False
2021-11-05,Italy,Belgium,1,2,Qualifier,False
2021-11-08,Japan,Morocco,3,1,UEFA Euro,False
2021-11-08,Germany,Brazil,2,0,Friendly,False
2021-11-09,Senegal,Croatia,1,1,UEFA Euro,False
2021-11-10,USA,France,1,0,Qualifier,False
2021-11-19,South Korea,Senegal,2,3,Friendly,False
2021-11-25,Switzerland,England,0,0,Friendly,False
2021-11-26,USA,England,0,2,UEFA Euro,False
2021-11-27,Croatia,England,2,2,Friendly,False
2021-11-29,Croatia,Germany,2,2,FIFA World Cup,True
2021-12-01,France,Netherlands,1,0,Qualifier,False
2021-12-03,England,Spain,0,2,Qualifier,False
2021-12-09,Portugal,Croatia,3,0,Friendly,False
2021-12-10,Brazil,Croatia,3,1,Friendly,True
2021-12-13,England,Japan,0,0,Friendly,False
2021-12-16,Croatia,USA,0,1,FIFA World Cup,True
2021-12-17,France,Portugal,0,2,Friendly,False
2021-12-19,Morocco,Belgium,1,1,Friendly,False
2021-12-21,Spain,Mexico,2,1,UEFA Euro,False
2021-12-22,South Korea,Mexico,1,0,Friendly,False
2021-12-26,Argentina,South Korea,1,1,Friendly,False
2021-12-29,Senegal,Netherlands,0,0,Qualifier,False
2021-12-30,USA,Germany,0,1,FIFA World Cup,True
2022-01-02,Belgium,Portugal,3,0,Friendly,False
2022-01-02,Uruguay,England,2,1,Copa America,False
2022-01-15,Switzerland,Croatia,1,2,Friendly,False
2022-01-15,Croatia,Switzerland,1,0,UEFA Euro,False
2022-01-17,Senegal,Morocco,1,2,FIFA World Cup,True
2022-01-17,France,USA,1,1,FIFA World Cup,True
2022-01-20,England,Germany,2,2,UEFA Euro,True
2022-01-23,Croatia,Uruguay,0,0,Friendly,False
2022-01-30,Croatia,Japan,3,2,UEFA Euro,False
2022-02-01,Japan,South Korea,2,1,Friendly,False
2022-02-01,South Korea,England,0,1,Friendly,True
2022-02-07,Brazil,Croatia,4,0,Friendly,True
2022-02-08,Morocco,Argentina,3,1,FIFA World Cup,True
2022-02-09,Mexico,Portugal,0,2,FIFA World Cup,True
2022-02-10,Argentina,Netherlands,1,1,Friendly,False
2022-02-11,Uruguay,Belgium,1,0,Friendly,False
2022-02-15,Spain,Croatia,3,1,Qualifier,True
2022-02-19,South Korea,Brazil,0,2,Copa America,False
2022-02-20,Senegal,Belgium,1,2,Qualifier,False
2022-02-22,Portugal,Netherlands,2,2,Qualifier,True
2022-02-23,Croatia,Uruguay,2,0,Friendly,False
2022-02-24,Spain,England,0,0,UEFA Euro,False
2022-02-25,Portugal,Mexico,0,0,Copa America,False
2022-02-26,Portugal,Switzerland,2,0,Copa America,False
2022-02-26,Portugal,Morocco,1,1,Friendly,False
2022-03-12,Croatia,Japan,0,1,Friendly,False
2022-03-15,Netherlands,Japan,0,0,UEFA Euro,False
2022-03-15,England,Brazil,3,1,Friendly,False
2022-03-15,Mexico,Netherlands,0,1,Friendly,False
2022-03-17,Japan,Denmark,0,1,Copa America,True
2022-03-18,Denmark,South Korea,6,1,Friendly,False
2022-03-21,Spain,Switzerland,3,0,FIFA World Cup,True
2022-03-21,Germany,Italy,2,1,FIFA World Cup,True
2022-03-28,Brazil,Spain,2,0,Friendly,False
2022-03-31,South Korea,Uruguay,1,1,FIFA World Cup,True
2022-04-01,Germany,France,0,0,Copa America,True
2022-04-02,Belgium,USA,2,0,FIFA World Cup,True
2022-04-14,Portugal,Switzerland,3,1,UEFA Euro,False
2022-04-15,England,Belgium,0,0,FIFA World Cup,True
2022-04-15,South Korea,Uruguay,2,0,Copa America,False
2022-04-18,England,Spain,2,0,Friendly,False
2022-04-19,Spain,Morocco,2,1,FIFA World Cup,True
2022-04-19,Croatia,Japan,2,0,FIFA World Cup,True
2022-04-21,Switzerland,Japan,1,1,Friendly,False
2022-04-22,USA,Germany,1,1,Copa America,False
2022-04-24,Morocco,Netherlands,1,0,Copa America,False
2022-04-26,Spain,France,0,1,Friendly,False
2022-04-29,Brazil,Belgium,3,1,Friendly,False
2022-04-30,Senegal,Denmark,1,3,Friendly,False
2022-05-01,Japan,Brazil,0,4,Friendly,True
2022-05-01,Germany,Senegal,0,0,Friendly,False
2022-05-03,Belgium,Brazil,1,1,Friendly,True
2022-05-03,Switzerland,Uruguay,0,0,Friendly,False
2022-05-05,Spain,Japan,0,1,Qualifier,False
2022-05-08,USA,Switzerland,0,2,FIFA World Cup,True
2022-05-12,France,USA,1,1,Friendly,False
2022-05-18,Italy,Mexico,2,0,UEFA Euro,False
2022-05-18,Senegal,England,0,1,UEFA Euro,False
2022-05-19,Italy,Netherlands,0,0,Friendly,True
2022-05-25,Brazil,Croatia,2,1,Friendly,False
2022-05-26,Italy,Brazil,1,1,Copa America,False
2022-05-27,France,USA,1,0,Friendly,False
2022-05-31,Italy,Morocco,2,1,FIFA World Cup,True
2022-06-01,Germany,Netherlands,0,1,UEFA Euro,False
2022-06-02,South Korea,Mexico,1,1,Friendly,False
2022-06-02,Croatia,England,0,0,Qualifier,True
2022-06-04,Senegal,Morocco,1,2,Friendly,True
2022-06-05,Croatia,USA,0,4,Friendly,False
2022-06-08,Netherlands,Spain,0,1,Copa America,False
2022-06-08,Morocco,Denmark,2,0,FIFA World Cup,True
2022-06-13,England,Italy,1,4,Friendly,False
2022-06-13,Spain,Belgium,1,2,UEFA Euro,False
2022-06-28,Germany,Switzerland,2,2,FIFA World Cup,True
2022-06-30,Croatia,USA,2,3,Copa America,False
2022-07-01,Brazil,Germany,4,0,Friendly,False
2022-07-03,England,France,1,2,Friendly,True
2022-07-03,Italy,Morocco,0,0,Friendly,True
2022-07-07,Netherlands,South Korea,0,1,Friendly,False
2022-07-08,Portugal,Senegal,2,0,Friendly,False
2022-07-08,Germany,Netherlands,5,1,Friendly,False
2022-07-08,Portugal,Netherlands,1,1,Friendly,False
2022-07-11,Germany,Mexico,1,1,Qualifier,False
2022-07-11,USA,Denmark,0,0,FIFA World Cup,True
2022-07-12,England,Belgium,0,0,UEFA Euro,False
2022-07-15,Brazil,South Korea,1,1,Qualifier,False
2022-07-18,Brazil,Germany,1,1,Friendly,False
2022-07-25,Germany,Mexico,1,1,Friendly,False
2022-07-29,Italy,Mexico,1,0,Copa America,False
2022-07-30,Portugal,South Korea,2,1,FIFA World Cup,True
2022-07-31,Brazil,Morocco,2,0,Friendly,False
2022-08-01,Uruguay,England,1,1,Friendly,False
2022-08-03,Brazil,Switzerland,2,0,Friendly,False
2022-08-05,Uruguay,Japan,1,1,Copa America,False
2022-08-09,Morocco,Uruguay,1,0,UEFA Euro,False
2022-08-15,Senegal,Brazil,0,0,UEFA Euro,False
2022-08-15,Belgium,South Korea,0,0,Friendly,False
2022-08-16,Spain,Switzerland,0,2,Friendly,False
2022-08-18,Japan,Belgium,2,0,Qualifier,False
2022-08-18,Denmark,Morocco,0,0,FIFA World Cup,True
2022-08-22,Senegal,Argentina,0,0,Friendly,False
2022-08-26,Croatia,France,1,2,Friendly,False
2022-08-30,USA,Germany,1,2,Friendly,True
2022-09-06,Portugal,Japan,1,0,Friendly,True
2022-09-07,Germany,Belgium,3,2,Friendly,False
2022-09-10,Portugal,Morocco,1,1,Friendly,False
2022-09-11,Belgium,Switzerland,1,4,Copa America,False
2022-09-16,Spain,Switzerland,2,0,Qualifier,False
2022-09-17,Switzerland,USA,0,1,Friendly,False
2022-09-17,Mexico,Spain,1,1,Friendly,False
2022-09-17,Italy,Spain,1,2,Qualifier,False
2022-09-18,USA,Brazil,1,1,Qualifier,False
2022-09-21,Portugal,Switzerland,1,5,FIFA World Cup,True
2022-09-26,Mexico,Japan,1,1,Friendly,True
2022-10-02,Senegal,Argentina,0,0,Friendly,False
2022-10-03,Mexico,Belgium,1,0,FIFA World Cup,True
2022-10-03,Germany,Denmark,1,2,FIFA World Cup,True
2022-10-05,Portugal,Switzerland,1,1,Friendly,False
2022-10-06,USA,Netherlands,1,1,Friendly,True
2022-10-15,Japan,Morocco,1,2,Friendly,False
2022-10-16,Belgium,Argentina,1,0,FIFA World Cup,True
2022-10-20,Italy,Denmark,1,0,UEFA Euro,False
2022-10-22,Uruguay,Switzerland,0,1,Copa America,True
2022-10-22,Brazil,Senegal,1,1,Qualifier,False
2022-10-25,Portugal,Brazil,3,1,Copa America,False
2022-10-25,Uruguay,Belgium,0,0,Qualifier,False
2022-10-26,Brazil,Denmark,1,0,UEFA Euro,False
2022-10-27,Germany,Japan,1,1,Qualifier,True
2022-10-27,Netherlands,Portugal,1,2,UEFA Euro,True
2022-10-28,Croatia,USA,0,1,Copa America,False
2022-10-28,England,Morocco,0,3,UEFA Euro,True
2022-10-31,USA,Belgium,2,1,UEFA Euro,False
2022-11-01,Germany,USA,1,0,FIFA World Cup,True
2022-11-02,Germany,Portugal,0,0,UEFA Euro,True
2022-11-06,Uruguay,Morocco,1,2,Friendly,False
2022-11-07,Spain,France,2,0,Copa America,False
2022-11-09,South Korea,Uruguay,0,2,FIFA World Cup,True
2022-11-10,Belgium,Croatia,2,0,Friendly,False
2022-11-11,Germany,Switzerland,0,0,Friendly,False
2022-11-11,France,Senegal,1,0,Friendly,True
2022-11-13,Brazil,Croatia,0,0,Friendly,False
2022-11-17,Mexico,USA,1,2,Friendly,True
2022-11-18,Mexico,Switzerland,1,1,FIFA World Cup,True
2022-11-20,Morocco,Spain,0,2,Copa America,False
2022-11-28,Italy,USA,1,1,Friendly,False
2022-11-28,Denmark,USA,2,0,Copa America,False
2022-12-03,Brazil,Senegal,3,0,Friendly,True
2022-12-03,Uruguay,Senegal,1,1,Friendly,False
2022-12-06,Germany,Uruguay,3,1,UEFA Euro,False
2022-12-07,Uruguay,Netherlands,2,1,Qualifier,False
2022-12-08,France,Belgium,2,0,UEFA Euro,False
2022-12-16,Switzerland,South Korea,1,1,Friendly,False
2022-12-17,Portugal,Germany,0,2,Friendly,False
2022-12-18,Croatia,Belgium,1,0,Friendly,False
2022-12-19,Brazil,Belgium,2,2,Copa America,False
2023-01-02,Croatia,USA,4,2,FIFA World Cup,True
2023-01-04,Japan,Denmark,1,1,FIFA World Cup,True
2023-01-10,Argentina,Mexico,2,0,Qualifier,True
2023-01-11,Netherlands,Denmark,0,0,UEFA Euro,False
2023-01-13,South Korea,Belgium,2,1,Friendly,False
2023-01-14,Mexico,Italy,0,1,Friendly,False
2023-01-15,Croatia,Spain,0,1,FIFA World Cup,True
2023-01-15,Brazil,Denmark,0,0,UEFA Euro,False
2023-01-16,Belgium,England,2,2,Friendly,True
2023-01-17,Mexico,Italy,0,1,Qualifier,True
2023-01-23,Netherlands,Brazil,1,5,UEFA Euro,False
2023-01-24,Morocco,France,0,2,Friendly,False
2023-01-25,Switzerland,England,1,2,UEFA Euro,False
2023-01-26,France,Denmark,1,1,Friendly,False
2023-01-26,Denmark,France,0,1,Qualifier,False
2023-01-28,Italy,South Korea,0,1,UEFA Euro,False
2023-02-03,Uruguay,Italy,0,0,Friendly,False
2023-02-06,Argentina,South Korea,1,0,Copa America,True
2023-02-08,Denmark,Italy,0,1,Qualifier,True
2023-02-10,South Korea,Italy,0,0,FIFA World Cup,True
2023-02-13,England,Senegal,2,0,Friendly,False
2023-02-15,Senegal,Japan,2,0,UEFA Euro,False
2023-02-18,Argentina,Senegal,3,0,Friendly,False
2023-02-20,Switzerland,Senegal,2,0,Friendly,False
